-- phpMyAdmin SQL Dump
-- version 4.2.7.1
-- http://www.phpmyadmin.net
--
-- Host: localhost
-- Erstellungszeit: 06. Feb 2015 um 11:32
-- Server Version: 5.6.20
-- PHP-Version: 5.5.15

SET SQL_MODE = "NO_AUTO_VALUE_ON_ZERO";
SET time_zone = "+00:00";


/*!40101 SET @OLD_CHARACTER_SET_CLIENT=@@CHARACTER_SET_CLIENT */;
/*!40101 SET @OLD_CHARACTER_SET_RESULTS=@@CHARACTER_SET_RESULTS */;
/*!40101 SET @OLD_COLLATION_CONNECTION=@@COLLATION_CONNECTION */;
/*!40101 SET NAMES utf8 */;

--
-- Datenbank: `JEngineV2`
--

-- --------------------------------------------------------

--
-- Tabellenstruktur für Tabelle `activityinstance`
--

CREATE TABLE IF NOT EXISTS `activityinstance` (
`id` int(11) NOT NULL,
  `type` varchar(512) NOT NULL,
  `role_id` int(11) NOT NULL,
  `activity_state` varchar(512) NOT NULL,
  `workitem_state` varchar(512) NOT NULL
) ENGINE=InnoDB  DEFAULT CHARSET=latin1 AUTO_INCREMENT=1801 ;

--
-- Daten für Tabelle `activityinstance`
--

INSERT INTO `activityinstance` (`id`, `type`, `role_id`, `activity_state`, `workitem_state`) VALUES
(0, 'HumanTask', 1, 'ready', 'init'),
(1, 'HumanTask', 1, 'ready', 'init'),
(76, 'HumanTask', 1, 'terminated', 'init'),
(77, 'HumanTask', 1, 'ready', 'init'),
(78, 'HumanTask', 1, 'ready', 'init'),
(79, 'HumanTask', 1, 'terminated', 'init'),
(80, 'HumanTask', 1, 'terminated', 'init'),
(81, 'HumanTask', 1, 'terminated', 'init'),
(82, 'HumanTask', 1, 'terminated', 'init'),
(83, 'HumanTask', 1, 'terminated', 'init'),
(84, 'HumanTask', 1, 'terminated', 'init'),
(85, 'HumanTask', 1, 'terminated', 'init'),
(86, 'HumanTask', 1, 'terminated', 'init'),
(87, 'HumanTask', 1, 'terminated', 'init'),
(89, 'HumanTask', 1, 'terminated', 'init'),
(90, 'HumanTask', 1, 'terminated', 'init'),
(91, 'HumanTask', 1, 'terminated', 'init'),
(92, 'HumanTask', 1, 'terminated', 'init'),
(93, 'HumanTask', 1, 'running', 'init'),
(94, 'HumanTask', 1, 'ready', 'init'),
(95, 'HumanTask', 1, 'ready', 'init'),
(96, 'HumanTask', 1, 'running', 'init'),
(97, 'HumanTask', 1, 'ready', 'init'),
(98, 'HumanTask', 1, 'running', 'init'),
(99, 'HumanTask', 1, 'ready', 'init'),
(100, 'HumanTask', 1, 'terminated', 'init'),
(101, 'HumanTask', 1, 'ready', 'init'),
(102, 'HumanTask', 1, 'terminated', 'init'),
(103, 'HumanTask', 1, 'terminated', 'init'),
(104, 'HumanTask', 1, 'ready', 'init'),
(105, 'HumanTask', 1, 'ready', 'init'),
(106, 'HumanTask', 1, 'ready', 'init'),
(107, 'HumanTask', 1, 'ready', 'init'),
(108, 'HumanTask', 1, 'ready', 'init'),
(109, 'HumanTask', 1, 'ready', 'init'),
(110, 'HumanTask', 1, 'ready', 'init'),
(111, 'HumanTask', 1, 'ready', 'init'),
(112, 'HumanTask', 1, 'ready', 'init'),
(113, 'HumanTask', 1, 'ready', 'init'),
(114, 'HumanTask', 1, 'ready', 'init'),
(115, 'HumanTask', 1, 'ready', 'init'),
(116, 'HumanTask', 1, 'ready', 'init'),
(117, 'HumanTask', 1, 'terminated', 'init'),
(118, 'HumanTask', 1, 'ready', 'init'),
(119, 'HumanTask', 1, 'terminated', 'init'),
(120, 'HumanTask', 1, 'terminated', 'init'),
(121, 'HumanTask', 1, 'ready', 'init'),
(122, 'HumanTask', 1, 'ready', 'init'),
(123, 'HumanTask', 1, 'terminated', 'init'),
(124, 'HumanTask', 1, 'ready', 'init'),
(125, 'HumanTask', 1, 'ready', 'init'),
(126, 'HumanTask', 1, 'terminated', 'init'),
(127, 'HumanTask', 1, 'terminated', 'init'),
(128, 'HumanTask', 1, 'ready', 'init'),
(129, 'HumanTask', 1, 'ready', 'init'),
(130, 'HumanTask', 1, 'terminated', 'init'),
(131, 'HumanTask', 1, 'terminated', 'init'),
(132, 'HumanTask', 1, 'terminated', 'init'),
(133, 'HumanTask', 1, 'terminated', 'init'),
(134, 'HumanTask', 1, 'terminated', 'init'),
(135, 'HumanTask', 1, 'terminated', 'init'),
(136, 'HumanTask', 1, 'terminated', 'init'),
(137, 'HumanTask', 1, 'terminated', 'init'),
(138, 'HumanTask', 1, 'terminated', 'init'),
(139, 'HumanTask', 1, 'terminated', 'init'),
(140, 'HumanTask', 1, 'terminated', 'init'),
(141, 'HumanTask', 1, 'terminated', 'init'),
(142, 'HumanTask', 1, 'terminated', 'init'),
(143, 'HumanTask', 1, 'terminated', 'init'),
(144, 'HumanTask', 1, 'terminated', 'init'),
(145, 'HumanTask', 1, 'terminated', 'init'),
(146, 'HumanTask', 1, 'terminated', 'init'),
(147, 'HumanTask', 1, 'terminated', 'init'),
(148, 'HumanTask', 1, 'terminated', 'init'),
(149, 'HumanTask', 1, 'terminated', 'init'),
(150, 'HumanTask', 1, 'terminated', 'init'),
(151, 'HumanTask', 1, 'terminated', 'init'),
(152, 'HumanTask', 1, 'terminated', 'init'),
(153, 'HumanTask', 1, 'terminated', 'init'),
(154, 'HumanTask', 1, 'terminated', 'init'),
(155, 'HumanTask', 1, 'terminated', 'init'),
(156, 'HumanTask', 1, 'terminated', 'init'),
(157, 'HumanTask', 1, 'ready', 'init'),
(158, 'HumanTask', 1, 'ready', 'init'),
(159, 'HumanTask', 1, 'terminated', 'init'),
(160, 'HumanTask', 1, 'terminated', 'init'),
(161, 'HumanTask', 1, 'terminated', 'init'),
(162, 'HumanTask', 1, 'terminated', 'init'),
(163, 'HumanTask', 1, 'terminated', 'init'),
(164, 'HumanTask', 1, 'terminated', 'init'),
(165, 'HumanTask', 1, 'terminated', 'init'),
(166, 'HumanTask', 1, 'terminated', 'init'),
(167, 'HumanTask', 1, 'ready', 'init'),
(168, 'HumanTask', 1, 'ready', 'init'),
(169, 'HumanTask', 1, 'terminated', 'init'),
(170, 'HumanTask', 1, 'terminated', 'init'),
(171, 'HumanTask', 1, 'terminated', 'init'),
(172, 'HumanTask', 1, 'terminated', 'init'),
(173, 'HumanTask', 1, 'terminated', 'init'),
(174, 'HumanTask', 1, 'terminated', 'init'),
(175, 'HumanTask', 1, 'terminated', 'init'),
(176, 'HumanTask', 1, 'terminated', 'init'),
(177, 'HumanTask', 1, 'terminated', 'init'),
(178, 'HumanTask', 1, 'terminated', 'init'),
(179, 'HumanTask', 1, 'ready', 'init'),
(180, 'HumanTask', 1, 'ready', 'init'),
(181, 'HumanTask', 1, 'terminated', 'init'),
(182, 'HumanTask', 1, 'terminated', 'init'),
(183, 'HumanTask', 1, 'terminated', 'init'),
(184, 'HumanTask', 1, 'terminated', 'init'),
(185, 'HumanTask', 1, 'ready', 'init'),
(186, 'HumanTask', 1, 'ready', 'init'),
(187, 'HumanTask', 1, 'terminated', 'init'),
(188, 'HumanTask', 1, 'terminated', 'init'),
(189, 'HumanTask', 1, 'ready', 'init'),
(190, 'HumanTask', 1, 'terminated', 'init'),
(191, 'HumanTask', 1, 'terminated', 'init'),
(192, 'HumanTask', 1, 'terminated', 'init'),
(193, 'HumanTask', 1, 'terminated', 'init'),
(194, 'HumanTask', 1, 'ready', 'init'),
(195, 'HumanTask', 1, 'terminated', 'init'),
(196, 'HumanTask', 1, 'terminated', 'init'),
(197, 'HumanTask', 1, 'terminated', 'init'),
(198, 'HumanTask', 1, 'terminated', 'init'),
(199, 'HumanTask', 1, 'terminated', 'init'),
(200, 'HumanTask', 1, 'terminated', 'init'),
(201, 'HumanTask', 1, 'ready', 'init'),
(202, 'HumanTask', 1, 'ready', 'init'),
(203, 'HumanTask', 1, 'ready', 'init'),
(204, 'HumanTask', 1, 'ready', 'init'),
(205, 'HumanTask', 1, 'ready', 'init'),
(206, 'HumanTask', 1, 'terminated', 'init'),
(207, 'HumanTask', 1, 'terminated', 'init'),
(208, 'HumanTask', 1, 'ready', 'init'),
(209, 'HumanTask', 1, 'ready', 'init'),
(210, 'HumanTask', 1, 'ready', 'init'),
(211, 'HumanTask', 1, 'terminated', 'init'),
(212, 'HumanTask', 1, 'ready(ControlFlow)', 'init'),
(213, 'HumanTask', 1, 'terminated', 'init'),
(214, 'HumanTask', 1, 'ready(ControlFlow)', 'init'),
(215, 'HumanTask', 1, 'terminated', 'init'),
(216, 'HumanTask', 1, 'terminated', 'init'),
(217, 'HumanTask', 1, 'terminated', 'init'),
(218, 'HumanTask', 1, 'ready(ControlFlow)', 'init'),
(219, 'HumanTask', 1, 'ready(ControlFlow)', 'init'),
(220, 'HumanTask', 1, 'terminated', 'init'),
(221, 'HumanTask', 1, 'terminated', 'init'),
(222, 'HumanTask', 1, 'terminated', 'init'),
(223, 'HumanTask', 1, 'terminated', 'init'),
(224, 'HumanTask', 1, 'ready(ControlFlow)', 'init'),
(225, 'HumanTask', 1, 'ready(ControlFlow)', 'init'),
(226, 'HumanTask', 1, 'terminated', 'init'),
(227, 'HumanTask', 1, 'terminated', 'init'),
(228, 'HumanTask', 1, 'terminated', 'init'),
(229, 'HumanTask', 1, 'ready(ControlFlow)', 'init'),
(230, 'HumanTask', 1, 'terminated', 'init'),
(231, 'HumanTask', 1, 'ready(ControlFlow)', 'init'),
(232, 'HumanTask', 1, 'ready', 'init'),
(233, 'HumanTask', 1, 'ready(ControlFlow)', 'init'),
(234, 'HumanTask', 1, 'terminated', 'init'),
(235, 'HumanTask', 1, 'terminated', 'init'),
(236, 'HumanTask', 1, 'ready(ControlFlow)', 'init'),
(237, 'HumanTask', 1, 'ready', 'init'),
(238, 'HumanTask', 1, 'ready(ControlFlow)', 'init'),
(239, 'HumanTask', 1, 'terminated', 'init'),
(240, 'HumanTask', 1, 'ready', 'init'),
(241, 'HumanTask', 1, 'ready', 'init'),
(242, 'HumanTask', 1, 'terminated', 'init'),
(243, 'HumanTask', 1, 'ready(ControlFlow)', 'init'),
(244, 'HumanTask', 1, 'terminated', 'init'),
(245, 'HumanTask', 1, 'ready', 'init'),
(246, 'HumanTask', 1, 'ready(ControlFlow)', 'init'),
(247, 'HumanTask', 1, 'ready', 'init'),
(248, 'HumanTask', 1, 'ready(ControlFlow)', 'init'),
(249, 'HumanTask', 1, 'ready(ControlFlow)', 'init'),
(250, 'HumanTask', 1, 'ready(ControlFlow)', 'init'),
(251, 'HumanTask', 1, 'ready', 'init'),
(252, 'HumanTask', 1, 'ready(ControlFlow)', 'init'),
(253, 'HumanTask', 1, 'ready(ControlFlow)', 'init'),
(254, 'HumanTask', 1, 'terminated', 'init'),
(255, 'HumanTask', 1, 'ready', 'init'),
(256, 'HumanTask', 1, 'ready', 'init'),
(257, 'HumanTask', 1, 'terminated', 'init'),
(258, 'HumanTask', 1, 'ready(ControlFlow)', 'init'),
(259, 'HumanTask', 1, 'ready(ControlFlow)', 'init'),
(260, 'HumanTask', 1, 'ready(ControlFlow)', 'init'),
(261, 'HumanTask', 1, 'ready(ControlFlow)', 'init'),
(262, 'HumanTask', 1, 'ready(ControlFlow)', 'init'),
(263, 'HumanTask', 1, 'ready(ControlFlow)', 'init'),
(264, 'HumanTask', 1, 'ready(ControlFlow)', 'init'),
(265, 'HumanTask', 1, 'ready(ControlFlow)', 'init'),
(266, 'HumanTask', 1, 'ready(ControlFlow)', 'init'),
(267, 'HumanTask', 1, 'ready(ControlFlow)', 'init'),
(268, 'HumanTask', 1, 'ready', 'init'),
(269, 'HumanTask', 1, 'ready(ControlFlow)', 'init'),
(270, 'HumanTask', 1, 'ready(ControlFlow)', 'init'),
(271, 'HumanTask', 1, 'ready(ControlFlow)', 'init'),
(272, 'HumanTask', 1, 'ready(ControlFlow)', 'init'),
(273, 'HumanTask', 1, 'ready(ControlFlow)', 'init'),
(274, 'HumanTask', 1, 'ready(ControlFlow)', 'init'),
(275, 'HumanTask', 1, 'ready(ControlFlow)', 'init'),
(276, 'HumanTask', 1, 'ready(ControlFlow)', 'init'),
(277, 'HumanTask', 1, 'ready(ControlFlow)', 'init'),
(278, 'HumanTask', 1, 'ready(ControlFlow)', 'init'),
(279, 'HumanTask', 1, 'ready(ControlFlow)', 'init'),
(280, 'HumanTask', 1, 'ready(ControlFlow)', 'init'),
(281, 'HumanTask', 1, 'ready(ControlFlow)', 'init'),
(282, 'HumanTask', 1, 'ready(ControlFlow)', 'init'),
(283, 'HumanTask', 1, 'ready(ControlFlow)', 'init'),
(284, 'HumanTask', 1, 'ready(ControlFlow)', 'init'),
(285, 'HumanTask', 1, 'ready(ControlFlow)', 'init'),
(286, 'HumanTask', 1, 'ready(ControlFlow)', 'init'),
(287, 'HumanTask', 1, 'ready(ControlFlow)', 'init'),
(288, 'HumanTask', 1, 'ready(ControlFlow)', 'init'),
(289, 'HumanTask', 1, 'ready(ControlFlow)', 'init'),
(290, 'HumanTask', 1, 'ready(ControlFlow)', 'init'),
(291, 'HumanTask', 1, 'ready(ControlFlow)', 'init'),
(292, 'HumanTask', 1, 'ready(ControlFlow)', 'init'),
(293, 'HumanTask', 1, 'ready(ControlFlow)', 'init'),
(294, 'HumanTask', 1, 'ready(ControlFlow)', 'init'),
(295, 'HumanTask', 1, 'ready(ControlFlow)', 'init'),
(296, 'HumanTask', 1, 'ready(ControlFlow)', 'init'),
(297, 'HumanTask', 1, 'ready(ControlFlow)', 'init'),
(298, 'HumanTask', 1, 'ready(ControlFlow)', 'init'),
(299, 'HumanTask', 1, 'ready(ControlFlow)', 'init'),
(300, 'HumanTask', 1, 'ready(ControlFlow)', 'init'),
(301, 'HumanTask', 1, 'ready(ControlFlow)', 'init'),
(302, 'HumanTask', 1, 'ready(ControlFlow)', 'init'),
(303, 'HumanTask', 1, 'ready(ControlFlow)', 'init'),
(304, 'HumanTask', 1, 'ready(ControlFlow)', 'init'),
(305, 'HumanTask', 1, 'ready(ControlFlow)', 'init'),
(306, 'HumanTask', 1, 'ready(ControlFlow)', 'init'),
(307, 'HumanTask', 1, 'ready(ControlFlow)', 'init'),
(308, 'HumanTask', 1, 'ready(ControlFlow)', 'init'),
(309, 'HumanTask', 1, 'ready(ControlFlow)', 'init'),
(310, 'HumanTask', 1, 'ready(ControlFlow)', 'init'),
(311, 'HumanTask', 1, 'ready(ControlFlow)', 'init'),
(312, 'HumanTask', 1, 'ready(ControlFlow)', 'init'),
(313, 'HumanTask', 1, 'ready(ControlFlow)', 'init'),
(314, 'HumanTask', 1, 'ready(ControlFlow)', 'init'),
(315, 'HumanTask', 1, 'ready(ControlFlow)', 'init'),
(316, 'HumanTask', 1, 'ready(ControlFlow)', 'init'),
(317, 'HumanTask', 1, 'ready(ControlFlow)', 'init'),
(318, 'HumanTask', 1, 'ready(ControlFlow)', 'init'),
(319, 'HumanTask', 1, 'ready(ControlFlow)', 'init'),
(320, 'HumanTask', 1, 'ready(ControlFlow)', 'init'),
(321, 'HumanTask', 1, 'ready(ControlFlow)', 'init'),
(322, 'HumanTask', 1, 'ready(ControlFlow)', 'init'),
(323, 'HumanTask', 1, 'ready(ControlFlow)', 'init'),
(324, 'HumanTask', 1, 'ready(ControlFlow)', 'init'),
(325, 'HumanTask', 1, 'ready(ControlFlow)', 'init'),
(326, 'HumanTask', 1, 'ready(ControlFlow)', 'init'),
(327, 'HumanTask', 1, 'ready(ControlFlow)', 'init'),
(328, 'HumanTask', 1, 'terminated', 'init'),
(329, 'HumanTask', 1, 'ready', 'init'),
(330, 'HumanTask', 1, 'ready(ControlFlow)', 'init'),
(331, 'HumanTask', 1, 'ready(ControlFlow)', 'init'),
(332, 'HumanTask', 1, 'ready(ControlFlow)', 'init'),
(333, 'HumanTask', 1, 'ready(ControlFlow)', 'init'),
(334, 'HumanTask', 1, 'ready(ControlFlow)', 'init'),
(335, 'HumanTask', 1, 'ready(ControlFlow)', 'init'),
(336, 'HumanTask', 1, 'ready(ControlFlow)', 'init'),
(337, 'HumanTask', 1, 'ready(ControlFlow)', 'init'),
(338, 'HumanTask', 1, 'ready(ControlFlow)', 'init'),
(339, 'HumanTask', 1, 'ready(ControlFlow)', 'init'),
(340, 'HumanTask', 1, 'ready(ControlFlow)', 'init'),
(341, 'HumanTask', 1, 'ready(ControlFlow)', 'init'),
(342, 'HumanTask', 1, 'ready(ControlFlow)', 'init'),
(343, 'HumanTask', 1, 'ready(ControlFlow)', 'init'),
(344, 'HumanTask', 1, 'ready(ControlFlow)', 'init'),
(345, 'HumanTask', 1, 'ready(ControlFlow)', 'init'),
(346, 'HumanTask', 1, 'ready(ControlFlow)', 'init'),
(347, 'HumanTask', 1, 'ready(ControlFlow)', 'init'),
(348, 'HumanTask', 1, 'ready(ControlFlow)', 'init'),
(349, 'HumanTask', 1, 'ready(ControlFlow)', 'init'),
(350, 'HumanTask', 1, 'ready(ControlFlow)', 'init'),
(351, 'HumanTask', 1, 'ready(ControlFlow)', 'init'),
(352, 'HumanTask', 1, 'ready(ControlFlow)', 'init'),
(353, 'HumanTask', 1, 'ready(ControlFlow)', 'init'),
(354, 'HumanTask', 1, 'ready(ControlFlow)', 'init'),
(355, 'HumanTask', 1, 'ready(ControlFlow)', 'init'),
(356, 'HumanTask', 1, 'ready(ControlFlow)', 'init'),
(357, 'HumanTask', 1, 'ready(ControlFlow)', 'init'),
(358, 'HumanTask', 1, 'ready(ControlFlow)', 'init'),
(359, 'HumanTask', 1, 'ready(ControlFlow)', 'init'),
(360, 'HumanTask', 1, 'ready(ControlFlow)', 'init'),
(361, 'HumanTask', 1, 'ready(ControlFlow)', 'init'),
(362, 'HumanTask', 1, 'ready(ControlFlow)', 'init'),
(363, 'HumanTask', 1, 'ready(ControlFlow)', 'init'),
(364, 'HumanTask', 1, 'ready(ControlFlow)', 'init'),
(365, 'HumanTask', 1, 'ready(ControlFlow)', 'init'),
(366, 'HumanTask', 1, 'ready(ControlFlow)', 'init'),
(367, 'HumanTask', 1, 'ready(ControlFlow)', 'init'),
(368, 'HumanTask', 1, 'ready(ControlFlow)', 'init'),
(369, 'HumanTask', 1, 'ready(ControlFlow)', 'init'),
(370, 'HumanTask', 1, 'ready(ControlFlow)', 'init'),
(371, 'HumanTask', 1, 'ready(ControlFlow)', 'init'),
(372, 'HumanTask', 1, 'ready(ControlFlow)', 'init'),
(373, 'HumanTask', 1, 'ready(ControlFlow)', 'init'),
(374, 'HumanTask', 1, 'ready(ControlFlow)', 'init'),
(375, 'HumanTask', 1, 'ready(ControlFlow)', 'init'),
(376, 'HumanTask', 1, 'ready(ControlFlow)', 'init'),
(377, 'HumanTask', 1, 'ready(ControlFlow)', 'init'),
(378, 'HumanTask', 1, 'ready(ControlFlow)', 'init'),
(379, 'HumanTask', 1, 'ready(ControlFlow)', 'init'),
(380, 'HumanTask', 1, 'ready(ControlFlow)', 'init'),
(381, 'HumanTask', 1, 'ready(ControlFlow)', 'init'),
(382, 'HumanTask', 1, 'ready(ControlFlow)', 'init'),
(383, 'HumanTask', 1, 'ready(ControlFlow)', 'init'),
(384, 'HumanTask', 1, 'ready(ControlFlow)', 'init'),
(385, 'HumanTask', 1, 'ready(ControlFlow)', 'init'),
(386, 'HumanTask', 1, 'ready(ControlFlow)', 'init'),
(387, 'HumanTask', 1, 'ready(ControlFlow)', 'init'),
(388, 'HumanTask', 1, 'ready(ControlFlow)', 'init'),
(389, 'HumanTask', 1, 'ready(ControlFlow)', 'init'),
(390, 'HumanTask', 1, 'ready(ControlFlow)', 'init'),
(391, 'HumanTask', 1, 'ready(ControlFlow)', 'init'),
(392, 'HumanTask', 1, 'ready(ControlFlow)', 'init'),
(393, 'HumanTask', 1, 'ready(ControlFlow)', 'init'),
(394, 'HumanTask', 1, 'ready(ControlFlow)', 'init'),
(395, 'HumanTask', 1, 'ready(ControlFlow)', 'init'),
(396, 'HumanTask', 1, 'ready(ControlFlow)', 'init'),
(397, 'HumanTask', 1, 'ready(ControlFlow)', 'init'),
(398, 'HumanTask', 1, 'ready(ControlFlow)', 'init'),
(399, 'HumanTask', 1, 'ready(ControlFlow)', 'init'),
(400, 'HumanTask', 1, 'ready(ControlFlow)', 'init'),
(401, 'HumanTask', 1, 'ready(ControlFlow)', 'init'),
(402, 'HumanTask', 1, 'ready(ControlFlow)', 'init'),
(403, 'HumanTask', 1, 'ready(ControlFlow)', 'init'),
(404, 'HumanTask', 1, 'ready(ControlFlow)', 'init'),
(405, 'HumanTask', 1, 'ready(ControlFlow)', 'init'),
(406, 'HumanTask', 1, 'ready(ControlFlow)', 'init'),
(407, 'HumanTask', 1, 'ready(ControlFlow)', 'init'),
(408, 'HumanTask', 1, 'ready(ControlFlow)', 'init'),
(409, 'HumanTask', 1, 'ready(ControlFlow)', 'init'),
(410, 'HumanTask', 1, 'ready(ControlFlow)', 'init'),
(411, 'HumanTask', 1, 'ready(ControlFlow)', 'init'),
(412, 'HumanTask', 1, 'ready(ControlFlow)', 'init'),
(413, 'HumanTask', 1, 'ready(ControlFlow)', 'init'),
(414, 'HumanTask', 1, 'ready(ControlFlow)', 'init'),
(415, 'HumanTask', 1, 'ready(ControlFlow)', 'init'),
(416, 'HumanTask', 1, 'ready(ControlFlow)', 'init'),
(417, 'HumanTask', 1, 'ready(ControlFlow)', 'init'),
(418, 'HumanTask', 1, 'ready(ControlFlow)', 'init'),
(419, 'HumanTask', 1, 'ready(ControlFlow)', 'init'),
(420, 'HumanTask', 1, 'ready(ControlFlow)', 'init'),
(421, 'HumanTask', 1, 'ready(ControlFlow)', 'init'),
(422, 'HumanTask', 1, 'ready(ControlFlow)', 'init'),
(423, 'HumanTask', 1, 'ready(ControlFlow)', 'init'),
(424, 'HumanTask', 1, 'ready(ControlFlow)', 'init'),
(425, 'HumanTask', 1, 'ready(ControlFlow)', 'init'),
(426, 'HumanTask', 1, 'ready(ControlFlow)', 'init'),
(427, 'HumanTask', 1, 'ready(ControlFlow)', 'init'),
(428, 'HumanTask', 1, 'ready(ControlFlow)', 'init'),
(429, 'HumanTask', 1, 'ready(ControlFlow)', 'init'),
(430, 'HumanTask', 1, 'ready(ControlFlow)', 'init'),
(431, 'HumanTask', 1, 'ready(ControlFlow)', 'init'),
(432, 'HumanTask', 1, 'ready(ControlFlow)', 'init'),
(433, 'HumanTask', 1, 'ready(ControlFlow)', 'init'),
(434, 'HumanTask', 1, 'ready(ControlFlow)', 'init'),
(435, 'HumanTask', 1, 'ready(ControlFlow)', 'init'),
(436, 'HumanTask', 1, 'ready(ControlFlow)', 'init'),
(437, 'HumanTask', 1, 'ready(ControlFlow)', 'init'),
(438, 'HumanTask', 1, 'ready(ControlFlow)', 'init'),
(439, 'HumanTask', 1, 'ready(ControlFlow)', 'init'),
(440, 'HumanTask', 1, 'ready(ControlFlow)', 'init'),
(441, 'HumanTask', 1, 'ready(ControlFlow)', 'init'),
(442, 'HumanTask', 1, 'ready(ControlFlow)', 'init'),
(443, 'HumanTask', 1, 'ready(ControlFlow)', 'init'),
(444, 'HumanTask', 1, 'ready(ControlFlow)', 'init'),
(445, 'HumanTask', 1, 'ready(ControlFlow)', 'init'),
(446, 'HumanTask', 1, 'ready(ControlFlow)', 'init'),
(447, 'HumanTask', 1, 'ready(ControlFlow)', 'init'),
(448, 'HumanTask', 1, 'ready(ControlFlow)', 'init'),
(449, 'HumanTask', 1, 'ready(ControlFlow)', 'init'),
(450, 'HumanTask', 1, 'ready(ControlFlow)', 'init'),
(451, 'HumanTask', 1, 'ready(ControlFlow)', 'init'),
(452, 'HumanTask', 1, 'ready(ControlFlow)', 'init'),
(453, 'HumanTask', 1, 'ready(ControlFlow)', 'init'),
(454, 'HumanTask', 1, 'ready(ControlFlow)', 'init'),
(455, 'HumanTask', 1, 'ready(ControlFlow)', 'init'),
(456, 'HumanTask', 1, 'ready(ControlFlow)', 'init'),
(457, 'HumanTask', 1, 'ready(ControlFlow)', 'init'),
(458, 'HumanTask', 1, 'ready(ControlFlow)', 'init'),
(459, 'HumanTask', 1, 'ready(ControlFlow)', 'init'),
(460, 'HumanTask', 1, 'ready(ControlFlow)', 'init'),
(461, 'HumanTask', 1, 'ready(ControlFlow)', 'init'),
(462, 'HumanTask', 1, 'ready(ControlFlow)', 'init'),
(463, 'HumanTask', 1, 'ready(ControlFlow)', 'init'),
(464, 'HumanTask', 1, 'ready(ControlFlow)', 'init'),
(465, 'HumanTask', 1, 'ready(ControlFlow)', 'init'),
(466, 'HumanTask', 1, 'ready(ControlFlow)', 'init'),
(467, 'HumanTask', 1, 'ready(ControlFlow)', 'init'),
(468, 'HumanTask', 1, 'ready(ControlFlow)', 'init'),
(469, 'HumanTask', 1, 'ready(ControlFlow)', 'init'),
(470, 'HumanTask', 1, 'ready(ControlFlow)', 'init'),
(471, 'HumanTask', 1, 'ready(ControlFlow)', 'init'),
(472, 'HumanTask', 1, 'ready(ControlFlow)', 'init'),
(473, 'HumanTask', 1, 'ready(ControlFlow)', 'init'),
(474, 'HumanTask', 1, 'ready(ControlFlow)', 'init'),
(475, 'HumanTask', 1, 'ready(ControlFlow)', 'init'),
(476, 'HumanTask', 1, 'ready(ControlFlow)', 'init'),
(477, 'HumanTask', 1, 'ready(ControlFlow)', 'init'),
(478, 'HumanTask', 1, 'ready(ControlFlow)', 'init'),
(479, 'HumanTask', 1, 'ready(ControlFlow)', 'init'),
(480, 'HumanTask', 1, 'ready(ControlFlow)', 'init'),
(481, 'HumanTask', 1, 'ready(ControlFlow)', 'init'),
(482, 'HumanTask', 1, 'ready(ControlFlow)', 'init'),
(483, 'HumanTask', 1, 'ready(ControlFlow)', 'init'),
(484, 'HumanTask', 1, 'ready(ControlFlow)', 'init'),
(485, 'HumanTask', 1, 'ready(ControlFlow)', 'init'),
(486, 'HumanTask', 1, 'ready(ControlFlow)', 'init'),
(487, 'HumanTask', 1, 'ready(ControlFlow)', 'init'),
(488, 'HumanTask', 1, 'ready(ControlFlow)', 'init'),
(489, 'HumanTask', 1, 'ready(ControlFlow)', 'init'),
(490, 'HumanTask', 1, 'ready(ControlFlow)', 'init'),
(491, 'HumanTask', 1, 'ready(ControlFlow)', 'init'),
(492, 'HumanTask', 1, 'ready(ControlFlow)', 'init'),
(493, 'HumanTask', 1, 'ready(ControlFlow)', 'init'),
(494, 'HumanTask', 1, 'ready(ControlFlow)', 'init'),
(495, 'HumanTask', 1, 'ready(ControlFlow)', 'init'),
(496, 'HumanTask', 1, 'ready(ControlFlow)', 'init'),
(497, 'HumanTask', 1, 'ready(ControlFlow)', 'init'),
(498, 'HumanTask', 1, 'ready(ControlFlow)', 'init'),
(499, 'HumanTask', 1, 'ready(ControlFlow)', 'init'),
(500, 'HumanTask', 1, 'ready(ControlFlow)', 'init'),
(501, 'HumanTask', 1, 'ready(ControlFlow)', 'init'),
(502, 'HumanTask', 1, 'ready(ControlFlow)', 'init'),
(503, 'HumanTask', 1, 'ready(ControlFlow)', 'init'),
(504, 'HumanTask', 1, 'ready(ControlFlow)', 'init'),
(505, 'HumanTask', 1, 'ready(ControlFlow)', 'init'),
(506, 'HumanTask', 1, 'ready(ControlFlow)', 'init'),
(507, 'HumanTask', 1, 'ready(ControlFlow)', 'init'),
(508, 'HumanTask', 1, 'ready(ControlFlow)', 'init'),
(509, 'HumanTask', 1, 'ready(ControlFlow)', 'init'),
(510, 'HumanTask', 1, 'ready(ControlFlow)', 'init'),
(511, 'HumanTask', 1, 'ready(ControlFlow)', 'init'),
(512, 'HumanTask', 1, 'ready(ControlFlow)', 'init'),
(513, 'HumanTask', 1, 'ready(ControlFlow)', 'init'),
(514, 'HumanTask', 1, 'ready(ControlFlow)', 'init'),
(515, 'HumanTask', 1, 'ready(ControlFlow)', 'init'),
(516, 'HumanTask', 1, 'ready(ControlFlow)', 'init'),
(517, 'HumanTask', 1, 'ready(ControlFlow)', 'init'),
(518, 'HumanTask', 1, 'ready(ControlFlow)', 'init'),
(519, 'HumanTask', 1, 'ready(ControlFlow)', 'init'),
(520, 'HumanTask', 1, 'ready(ControlFlow)', 'init'),
(521, 'HumanTask', 1, 'ready(ControlFlow)', 'init'),
(522, 'HumanTask', 1, 'ready(ControlFlow)', 'init'),
(523, 'HumanTask', 1, 'ready(ControlFlow)', 'init'),
(524, 'HumanTask', 1, 'ready(ControlFlow)', 'init'),
(525, 'HumanTask', 1, 'ready(ControlFlow)', 'init'),
(526, 'HumanTask', 1, 'ready(ControlFlow)', 'init'),
(527, 'HumanTask', 1, 'ready(ControlFlow)', 'init'),
(528, 'HumanTask', 1, 'ready(ControlFlow)', 'init'),
(529, 'HumanTask', 1, 'ready(ControlFlow)', 'init'),
(530, 'HumanTask', 1, 'ready(ControlFlow)', 'init'),
(531, 'HumanTask', 1, 'ready(ControlFlow)', 'init'),
(532, 'HumanTask', 1, 'ready(ControlFlow)', 'init'),
(533, 'HumanTask', 1, 'ready(ControlFlow)', 'init'),
(534, 'HumanTask', 1, 'ready(ControlFlow)', 'init'),
(535, 'HumanTask', 1, 'ready(ControlFlow)', 'init'),
(536, 'HumanTask', 1, 'init', 'init'),
(537, 'HumanTask', 1, 'ready', 'init'),
(538, 'HumanTask', 1, 'ready(ControlFlow)', 'init'),
(539, 'HumanTask', 1, 'ready(ControlFlow)', 'init'),
(540, 'HumanTask', 1, 'ready(ControlFlow)', 'init'),
(541, 'HumanTask', 1, 'ready(ControlFlow)', 'init'),
(542, 'HumanTask', 1, 'ready(ControlFlow)', 'init'),
(543, 'HumanTask', 1, 'ready', 'init'),
(544, 'HumanTask', 1, 'ready(ControlFlow)', 'init'),
(545, 'HumanTask', 1, 'ready(ControlFlow)', 'init'),
(546, 'HumanTask', 1, 'ready(ControlFlow)', 'init'),
(547, 'HumanTask', 1, 'ready(ControlFlow)', 'init'),
(548, 'HumanTask', 1, 'ready(ControlFlow)', 'init'),
(549, 'HumanTask', 1, 'ready', 'init'),
(550, 'HumanTask', 1, 'ready(ControlFlow)', 'init'),
(551, 'HumanTask', 1, 'ready(ControlFlow)', 'init'),
(552, 'HumanTask', 1, 'ready(ControlFlow)', 'init'),
(553, 'HumanTask', 1, 'ready(ControlFlow)', 'init'),
(554, 'HumanTask', 1, 'ready(ControlFlow)', 'init'),
(555, 'HumanTask', 1, 'ready', 'init'),
(556, 'HumanTask', 1, 'ready(ControlFlow)', 'init'),
(557, 'HumanTask', 1, 'ready(ControlFlow)', 'init'),
(558, 'HumanTask', 1, 'ready(ControlFlow)', 'init'),
(559, 'HumanTask', 1, 'ready(ControlFlow)', 'init'),
(560, 'HumanTask', 1, 'ready(ControlFlow)', 'init'),
(561, 'HumanTask', 1, 'ready', 'init'),
(562, 'HumanTask', 1, 'ready(ControlFlow)', 'init'),
(563, 'HumanTask', 1, 'ready(ControlFlow)', 'init'),
(564, 'HumanTask', 1, 'ready', 'init'),
(565, 'HumanTask', 1, 'ready(ControlFlow)', 'init'),
(566, 'HumanTask', 1, 'ready(ControlFlow)', 'init'),
(567, 'HumanTask', 1, 'ready', 'init'),
(568, 'HumanTask', 1, 'ready(ControlFlow)', 'init'),
(569, 'HumanTask', 1, 'ready(ControlFlow)', 'init'),
(570, 'HumanTask', 1, 'ready', 'init'),
(571, 'HumanTask', 1, 'ready(ControlFlow)', 'init'),
(572, 'HumanTask', 1, 'ready(ControlFlow)', 'init'),
(573, 'HumanTask', 1, 'ready', 'init'),
(574, 'HumanTask', 1, 'ready(ControlFlow)', 'init'),
(575, 'HumanTask', 1, 'ready(ControlFlow)', 'init'),
(576, 'HumanTask', 1, 'terminated', 'init'),
(577, 'HumanTask', 1, 'ready', 'init'),
(578, 'HumanTask', 1, 'ready(ControlFlow)', 'init'),
(579, 'HumanTask', 1, 'ready', 'init'),
(580, 'HumanTask', 1, 'ready', 'init'),
(581, 'HumanTask', 1, 'ready(ControlFlow)', 'init'),
(582, 'HumanTask', 1, 'ready(ControlFlow)', 'init'),
(583, 'HumanTask', 1, 'ready', 'init'),
(584, 'HumanTask', 1, 'ready(ControlFlow)', 'init'),
(585, 'HumanTask', 1, 'ready(ControlFlow)', 'init'),
(586, 'HumanTask', 1, 'ready', 'init'),
(587, 'HumanTask', 1, 'ready(ControlFlow)', 'init'),
(588, 'HumanTask', 1, 'ready(ControlFlow)', 'init'),
(589, 'HumanTask', 1, 'ready', 'init'),
(590, 'HumanTask', 1, 'ready(ControlFlow)', 'init'),
(591, 'HumanTask', 1, 'ready(ControlFlow)', 'init'),
(592, 'HumanTask', 1, 'ready', 'init'),
(593, 'HumanTask', 1, 'ready(ControlFlow)', 'init'),
(594, 'HumanTask', 1, 'ready(ControlFlow)', 'init'),
(595, 'HumanTask', 1, 'ready', 'init'),
(596, 'HumanTask', 1, 'ready(ControlFlow)', 'init'),
(597, 'HumanTask', 1, 'ready(ControlFlow)', 'init'),
(598, 'HumanTask', 1, 'ready', 'init'),
(599, 'HumanTask', 1, 'ready(ControlFlow)', 'init'),
(600, 'HumanTask', 1, 'ready(ControlFlow)', 'init'),
(601, 'HumanTask', 1, 'ready', 'init'),
(602, 'HumanTask', 1, 'ready(ControlFlow)', 'init'),
(603, 'HumanTask', 1, 'ready(ControlFlow)', 'init'),
(604, 'HumanTask', 1, 'ready', 'init'),
(605, 'HumanTask', 1, 'ready(ControlFlow)', 'init'),
(606, 'HumanTask', 1, 'ready(ControlFlow)', 'init'),
(607, 'HumanTask', 1, 'ready', 'init'),
(608, 'HumanTask', 1, 'ready(ControlFlow)', 'init'),
(609, 'HumanTask', 1, 'ready(ControlFlow)', 'init'),
(610, 'HumanTask', 1, 'ready', 'init'),
(611, 'HumanTask', 1, 'ready(ControlFlow)', 'init'),
(612, 'HumanTask', 1, 'ready(ControlFlow)', 'init'),
(613, 'HumanTask', 1, 'ready', 'init'),
(614, 'HumanTask', 1, 'ready(ControlFlow)', 'init'),
(615, 'HumanTask', 1, 'ready(ControlFlow)', 'init'),
(616, 'HumanTask', 1, 'ready', 'init'),
(617, 'HumanTask', 1, 'ready(ControlFlow)', 'init'),
(618, 'HumanTask', 1, 'ready(ControlFlow)', 'init'),
(619, 'HumanTask', 1, 'ready', 'init'),
(620, 'HumanTask', 1, 'ready(ControlFlow)', 'init'),
(621, 'HumanTask', 1, 'ready(ControlFlow)', 'init'),
(622, 'HumanTask', 1, 'terminated', 'init'),
(623, 'HumanTask', 1, 'ready', 'init'),
(624, 'HumanTask', 1, 'ready', 'init'),
(625, 'HumanTask', 1, 'terminated', 'init'),
(626, 'HumanTask', 1, 'ready(ControlFlow)', 'init'),
(627, 'HumanTask', 1, 'ready', 'init'),
(628, 'HumanTask', 1, 'ready(ControlFlow)', 'init'),
(629, 'HumanTask', 1, 'ready(ControlFlow)', 'init'),
(630, 'HumanTask', 1, 'ready', 'init'),
(631, 'HumanTask', 1, 'ready(ControlFlow)', 'init'),
(632, 'HumanTask', 1, 'ready(ControlFlow)', 'init'),
(633, 'HumanTask', 1, 'ready', 'init'),
(634, 'HumanTask', 1, 'ready(ControlFlow)', 'init'),
(635, 'HumanTask', 1, 'ready(ControlFlow)', 'init'),
(637, 'HumanTask', 1, 'ready', 'init'),
(638, 'HumanTask', 1, 'ready', 'init'),
(640, 'HumanTask', 1, 'ready', 'init'),
(641, 'HumanTask', 1, 'ready', 'init'),
(643, 'HumanTask', 1, 'ready', 'init'),
(644, 'HumanTask', 1, 'ready', 'init'),
(646, 'HumanTask', 1, 'ready', 'init'),
(647, 'HumanTask', 1, 'ready', 'init'),
(649, 'HumanTask', 1, 'terminated', 'init'),
(650, 'HumanTask', 1, 'ready', 'init'),
(653, 'HumanTask', 1, 'terminated', 'init'),
(654, 'HumanTask', 1, 'terminated', 'init'),
(657, 'HumanTask', 1, 'terminated', 'init'),
(658, 'HumanTask', 1, 'terminated', 'init'),
(661, 'HumanTask', 1, 'ready', 'init'),
(662, 'HumanTask', 1, 'ready', 'init'),
(663, 'HumanTask', 1, 'ready', 'init'),
(664, 'HumanTask', 1, 'ready(ControlFlow)', 'init'),
(665, 'HumanTask', 1, 'ready(ControlFlow)', 'init'),
(666, 'HumanTask', 1, 'ready', 'init'),
(667, 'HumanTask', 1, 'ready(ControlFlow)', 'init'),
(668, 'HumanTask', 1, 'ready(ControlFlow)', 'init'),
(669, 'HumanTask', 1, 'ready', 'init'),
(670, 'HumanTask', 1, 'ready(ControlFlow)', 'init'),
(671, 'HumanTask', 1, 'ready(ControlFlow)', 'init'),
(672, 'HumanTask', 1, 'ready', 'init'),
(673, 'HumanTask', 1, 'ready(ControlFlow)', 'init'),
(674, 'HumanTask', 1, 'ready(ControlFlow)', 'init'),
(675, 'HumanTask', 1, 'ready', 'init'),
(676, 'HumanTask', 1, 'ready(ControlFlow)', 'init'),
(677, 'HumanTask', 1, 'ready(ControlFlow)', 'init'),
(679, 'HumanTask', 1, 'terminated', 'init'),
(680, 'HumanTask', 1, 'terminated', 'init'),
(683, 'HumanTask', 1, 'ready', 'init'),
(684, 'HumanTask', 1, 'ready', 'init'),
(685, 'HumanTask', 1, 'ready', 'init'),
(686, 'HumanTask', 1, 'ready(ControlFlow)', 'init'),
(687, 'HumanTask', 1, 'ready(ControlFlow)', 'init'),
(688, 'HumanTask', 1, 'ready', 'init'),
(689, 'HumanTask', 1, 'ready(ControlFlow)', 'init'),
(690, 'HumanTask', 1, 'ready(ControlFlow)', 'init'),
(691, 'HumanTask', 1, 'ready', 'init'),
(692, 'HumanTask', 1, 'ready(ControlFlow)', 'init'),
(693, 'HumanTask', 1, 'ready(ControlFlow)', 'init'),
(694, 'HumanTask', 1, 'ready', 'init'),
(695, 'HumanTask', 1, 'ready(ControlFlow)', 'init'),
(696, 'HumanTask', 1, 'ready(ControlFlow)', 'init'),
(697, 'HumanTask', 1, 'ready', 'init'),
(698, 'HumanTask', 1, 'ready(ControlFlow)', 'init'),
(699, 'HumanTask', 1, 'ready(ControlFlow)', 'init'),
(700, 'HumanTask', 1, 'terminated', 'init'),
(701, 'HumanTask', 1, 'terminated', 'init'),
(702, 'HumanTask', 1, 'ready(ControlFlow)', 'init'),
(703, 'HumanTask', 1, 'terminated', 'init'),
(704, 'HumanTask', 1, 'ready(ControlFlow)', 'init'),
(705, 'HumanTask', 1, 'terminated', 'init'),
(706, 'HumanTask', 1, 'ready(ControlFlow)', 'init'),
(708, 'HumanTask', 1, 'terminated', 'init'),
(709, 'HumanTask', 1, 'terminated', 'init'),
(711, 'HumanTask', 1, 'ready', 'init'),
(712, 'HumanTask', 1, 'ready(ControlFlow)', 'init'),
(713, 'HumanTask', 1, 'ready(ControlFlow)', 'init'),
(714, 'HumanTask', 1, 'ready', 'init'),
(715, 'HumanTask', 1, 'ready(ControlFlow)', 'init'),
(716, 'HumanTask', 1, 'ready(ControlFlow)', 'init'),
(718, 'HumanTask', 1, 'terminated', 'init'),
(719, 'HumanTask', 1, 'terminated', 'init'),
(722, 'HumanTask', 1, 'terminated', 'init'),
(725, 'HumanTask', 1, 'terminated', 'init'),
(726, 'HumanTask', 1, 'terminated', 'init'),
(729, 'HumanTask', 1, 'ready', 'init'),
(730, 'HumanTask', 1, 'ready', 'init'),
(731, 'HumanTask', 1, 'ready', 'init'),
(732, 'HumanTask', 1, 'ready(ControlFlow)', 'init'),
(733, 'HumanTask', 1, 'ready(ControlFlow)', 'init'),
(735, 'HumanTask', 1, 'terminated', 'init'),
(736, 'HumanTask', 1, 'terminated', 'init'),
(739, 'HumanTask', 1, 'ready', 'init'),
(740, 'HumanTask', 1, 'ready', 'init'),
(742, 'HumanTask', 1, 'terminated', 'init'),
(743, 'HumanTask', 1, 'terminated', 'init'),
(746, 'HumanTask', 1, 'ready', 'init'),
(748, 'HumanTask', 1, 'terminated', 'init'),
(749, 'HumanTask', 1, 'terminated', 'init'),
(752, 'HumanTask', 1, 'ready', 'init'),
(754, 'HumanTask', 1, 'terminated', 'init'),
(755, 'HumanTask', 1, 'terminated', 'init'),
(758, 'HumanTask', 1, 'terminated', 'init'),
(760, 'HumanTask', 1, 'terminated', 'init'),
(761, 'HumanTask', 1, 'terminated', 'init'),
(765, 'HumanTask', 1, 'terminated', 'init'),
(766, 'HumanTask', 1, 'ready', 'init'),
(769, 'HumanTask', 1, 'terminated', 'init'),
(772, 'HumanTask', 1, 'terminated', 'init'),
(773, 'HumanTask', 1, 'terminated', 'init'),
(776, 'HumanTask', 1, 'ready', 'init'),
(778, 'HumanTask', 1, 'terminated', 'init'),
(779, 'HumanTask', 1, 'terminated', 'init'),
(781, 'HumanTask', 1, 'ready', 'init'),
(782, 'HumanTask', 1, 'ready(ControlFlow)', 'init'),
(783, 'HumanTask', 1, 'ready(ControlFlow)', 'init'),
(785, 'HumanTask', 1, 'terminated', 'init'),
(786, 'HumanTask', 1, 'terminated', 'init'),
(789, 'HumanTask', 1, 'ready', 'init'),
(790, 'HumanTask', 1, 'ready', 'init'),
(791, 'HumanTask', 1, 'ready', 'init'),
(792, 'HumanTask', 1, 'ready(ControlFlow)', 'init'),
(793, 'HumanTask', 1, 'ready(ControlFlow)', 'init'),
(794, 'HumanTask', 1, 'ready', 'init'),
(795, 'HumanTask', 1, 'ready(ControlFlow)', 'init'),
(796, 'HumanTask', 1, 'ready(ControlFlow)', 'init'),
(797, 'HumanTask', 1, 'ready', 'init'),
(798, 'HumanTask', 1, 'ready(ControlFlow)', 'init'),
(799, 'HumanTask', 1, 'ready(ControlFlow)', 'init'),
(800, 'HumanTask', 1, 'ready(ControlFlow)', 'init'),
(801, 'HumanTask', 1, 'ready', 'init'),
(802, 'HumanTask', 1, 'ready(ControlFlow)', 'init'),
(803, 'HumanTask', 1, 'ready(ControlFlow)', 'init'),
(804, 'HumanTask', 1, 'terminated', 'init'),
(805, 'HumanTask', 1, 'terminated', 'init'),
(806, 'HumanTask', 1, 'ready(ControlFlow)', 'init'),
(807, 'HumanTask', 1, 'terminated', 'init'),
(808, 'HumanTask', 1, 'ready(ControlFlow)', 'init'),
(809, 'HumanTask', 1, 'terminated', 'init'),
(810, 'HumanTask', 1, 'ready(ControlFlow)', 'init'),
(812, 'HumanTask', 1, 'terminated', 'init'),
(813, 'HumanTask', 1, 'terminated', 'init'),
(816, 'HumanTask', 1, 'ready', 'init'),
(817, 'HumanTask', 1, 'ready', 'init'),
(819, 'HumanTask', 1, 'ready', 'init'),
(820, 'HumanTask', 1, 'ready', 'init'),
(822, 'HumanTask', 1, 'terminated', 'init'),
(823, 'HumanTask', 1, 'ready', 'init'),
(832, 'HumanTask', 1, 'ready', 'init'),
(833, 'HumanTask', 1, 'ready', 'init'),
(835, 'HumanTask', 1, 'ready', 'init'),
(836, 'HumanTask', 1, 'ready', 'init'),
(838, 'HumanTask', 1, 'ready', 'init'),
(839, 'HumanTask', 1, 'ready', 'init'),
(841, 'HumanTask', 1, 'ready', 'init'),
(842, 'HumanTask', 1, 'ready', 'init'),
(844, 'HumanTask', 1, 'ready', 'init'),
(845, 'HumanTask', 1, 'ready', 'init'),
(847, 'HumanTask', 1, 'ready', 'init'),
(848, 'HumanTask', 1, 'ready', 'init'),
(850, 'HumanTask', 1, 'ready', 'init'),
(851, 'HumanTask', 1, 'ready', 'init'),
(853, 'HumanTask', 1, 'ready', 'init'),
(854, 'HumanTask', 1, 'ready', 'init'),
(856, 'HumanTask', 1, 'terminated', 'init'),
(857, 'HumanTask', 1, 'terminated', 'init'),
(860, 'HumanTask', 1, 'ready', 'init'),
(861, 'HumanTask', 1, 'ready', 'init'),
(862, 'HumanTask', 1, 'terminated', 'init'),
(863, 'HumanTask', 1, 'terminated', 'init'),
(864, 'HumanTask', 1, 'ready(ControlFlow)', 'init'),
(865, 'HumanTask', 1, 'terminated', 'init'),
(866, 'HumanTask', 1, 'ready(ControlFlow)', 'init'),
(867, 'HumanTask', 1, 'terminated', 'init'),
(868, 'HumanTask', 1, 'ready(ControlFlow)', 'init'),
(869, 'HumanTask', 1, 'ready', 'init'),
(870, 'HumanTask', 1, 'terminated', 'init'),
(871, 'HumanTask', 1, 'terminated', 'init'),
(872, 'HumanTask', 1, 'ready(ControlFlow)', 'init'),
(873, 'HumanTask', 1, 'terminated', 'init'),
(874, 'HumanTask', 1, 'ready(ControlFlow)', 'init'),
(875, 'HumanTask', 1, 'terminated', 'init'),
(876, 'HumanTask', 1, 'ready(ControlFlow)', 'init'),
(878, 'HumanTask', 1, 'terminated', 'init'),
(879, 'HumanTask', 1, 'terminated', 'init'),
(882, 'HumanTask', 1, 'ready', 'init'),
(883, 'HumanTask', 1, 'ready', 'init'),
(884, 'HumanTask', 1, 'terminated', 'init'),
(885, 'HumanTask', 1, 'terminated', 'init'),
(886, 'HumanTask', 1, 'ready(ControlFlow)', 'init'),
(887, 'HumanTask', 1, 'terminated', 'init'),
(888, 'HumanTask', 1, 'terminated', 'init'),
(889, 'HumanTask', 1, 'terminated', 'init'),
(890, 'HumanTask', 1, 'terminated', 'init'),
(891, 'HumanTask', 1, 'ready(ControlFlow)', 'init'),
(892, 'HumanTask', 1, 'terminated', 'init'),
(893, 'HumanTask', 1, 'ready', 'init'),
(894, 'HumanTask', 1, 'ready(ControlFlow)', 'init'),
(895, 'HumanTask', 1, 'terminated', 'init'),
(896, 'HumanTask', 1, 'terminated', 'init'),
(897, 'HumanTask', 1, 'ready(ControlFlow)', 'init'),
(898, 'HumanTask', 1, 'terminated', 'init'),
(899, 'HumanTask', 1, 'ready', 'init'),
(900, 'HumanTask', 1, 'ready', 'init'),
(901, 'HumanTask', 1, 'ready(ControlFlow)', 'init'),
(902, 'HumanTask', 1, 'terminated', 'init'),
(903, 'HumanTask', 1, 'ready', 'init'),
(904, 'HumanTask', 1, 'ready(ControlFlow)', 'init'),
(905, 'HumanTask', 1, 'terminated', 'init'),
(906, 'HumanTask', 1, 'ready', 'init'),
(907, 'HumanTask', 1, 'ready', 'init'),
(908, 'HumanTask', 1, 'terminated', 'init'),
(909, 'HumanTask', 1, 'running', 'init'),
(910, 'HumanTask', 1, 'terminated', 'init'),
(911, 'HumanTask', 1, 'terminated', 'init'),
(912, 'HumanTask', 1, 'terminated', 'init'),
(913, 'HumanTask', 1, 'terminated', 'init'),
(914, 'HumanTask', 1, 'terminated', 'init'),
(915, 'HumanTask', 1, 'ready', 'init'),
(916, 'HumanTask', 1, 'ready(ControlFlow)', 'init'),
(917, 'HumanTask', 1, 'terminated', 'init'),
(918, 'HumanTask', 1, 'ready', 'init'),
(919, 'HumanTask', 1, 'terminated', 'init'),
(920, 'HumanTask', 1, 'terminated', 'init'),
(921, 'HumanTask', 1, 'ready(ControlFlow)', 'init'),
(922, 'HumanTask', 1, 'running', 'init'),
(923, 'HumanTask', 1, 'terminated', 'init'),
(924, 'HumanTask', 1, 'ready(ControlFlow)', 'init'),
(925, 'HumanTask', 1, 'terminated', 'init'),
(926, 'HumanTask', 1, 'ready(ControlFlow)', 'init'),
(927, 'HumanTask', 1, 'terminated', 'init'),
(928, 'HumanTask', 1, 'ready', 'init'),
(929, 'HumanTask', 1, 'ready', 'init'),
(930, 'HumanTask', 1, 'ready', 'init'),
(931, 'HumanTask', 1, 'terminated', 'init'),
(932, 'HumanTask', 1, 'ready(ControlFlow)', 'init'),
(933, 'HumanTask', 1, 'terminated', 'init'),
(934, 'HumanTask', 1, 'terminated', 'init'),
(935, 'HumanTask', 1, 'ready(ControlFlow)', 'init'),
(936, 'HumanTask', 1, 'running', 'init'),
(937, 'HumanTask', 1, 'terminated', 'init'),
(938, 'HumanTask', 1, 'ready', 'init'),
(939, 'HumanTask', 1, 'ready(ControlFlow)', 'init'),
(940, 'HumanTask', 1, 'terminated', 'init'),
(941, 'HumanTask', 1, 'terminated', 'init'),
(942, 'HumanTask', 1, 'ready', 'init'),
(943, 'HumanTask', 1, 'terminated', 'init'),
(944, 'HumanTask', 1, 'terminated', 'init'),
(945, 'HumanTask', 1, 'terminated', 'init'),
(946, 'HumanTask', 1, 'ready', 'init'),
(947, 'HumanTask', 1, 'ready(ControlFlow)', 'init'),
(948, 'HumanTask', 1, 'terminated', 'init'),
(949, 'HumanTask', 1, 'terminated', 'init'),
(950, 'HumanTask', 1, 'ready(ControlFlow)', 'init'),
(951, 'HumanTask', 1, 'terminated', 'init'),
(952, 'HumanTask', 1, 'ready', 'init'),
(953, 'HumanTask', 1, 'ready(ControlFlow)', 'init'),
(954, 'HumanTask', 1, 'ready', 'init'),
(955, 'HumanTask', 1, 'ready', 'init'),
(956, 'HumanTask', 1, 'ready(ControlFlow)', 'init'),
(957, 'HumanTask', 1, 'ready(ControlFlow)', 'init'),
(958, 'HumanTask', 1, 'terminated', 'init'),
(959, 'HumanTask', 1, 'ready', 'init'),
(960, 'HumanTask', 1, 'ready', 'init'),
(961, 'HumanTask', 1, 'ready(ControlFlow)', 'init'),
(962, 'HumanTask', 1, 'ready(ControlFlow)', 'init'),
(963, 'HumanTask', 1, 'terminated', 'init'),
(964, 'HumanTask', 1, 'terminated', 'init'),
(965, 'HumanTask', 1, 'ready', 'init'),
(966, 'HumanTask', 1, 'terminated', 'init'),
(967, 'HumanTask', 1, 'terminated', 'init'),
(968, 'HumanTask', 1, 'ready(ControlFlow)', 'init'),
(969, 'HumanTask', 1, 'terminated', 'init'),
(970, 'HumanTask', 1, 'terminated', 'init'),
(971, 'HumanTask', 1, 'terminated', 'init'),
(972, 'HumanTask', 1, 'ready(ControlFlow)', 'init'),
(973, 'HumanTask', 1, 'ready', 'init'),
(974, 'HumanTask', 1, 'terminated', 'init'),
(975, 'HumanTask', 1, 'ready(ControlFlow)', 'init'),
(976, 'HumanTask', 1, 'terminated', 'init'),
(977, 'HumanTask', 1, 'ready', 'init'),
(978, 'HumanTask', 1, 'terminated', 'init'),
(979, 'HumanTask', 1, 'ready', 'init'),
(980, 'HumanTask', 1, 'terminated', 'init'),
(981, 'HumanTask', 1, 'ready(ControlFlow)', 'init'),
(982, 'HumanTask', 1, 'terminated', 'init'),
(983, 'HumanTask', 1, 'ready', 'init'),
(984, 'HumanTask', 1, 'terminated', 'init'),
(985, 'HumanTask', 1, 'terminated', 'init'),
(986, 'HumanTask', 1, 'terminated', 'init'),
(987, 'HumanTask', 1, 'terminated', 'init'),
(988, 'HumanTask', 1, 'terminated', 'init'),
(989, 'HumanTask', 1, 'terminated', 'init'),
(990, 'HumanTask', 1, 'terminated', 'init'),
(991, 'HumanTask', 1, 'ready(ControlFlow)', 'init'),
(992, 'HumanTask', 1, 'ready(ControlFlow)', 'init'),
(993, 'HumanTask', 1, 'ready', 'init'),
(994, 'HumanTask', 1, 'ready(ControlFlow)', 'init'),
(995, 'HumanTask', 1, 'terminated', 'init'),
(996, 'HumanTask', 1, 'terminated', 'init'),
(997, 'HumanTask', 1, 'ready(ControlFlow)', 'init'),
(998, 'HumanTask', 1, 'terminated', 'init'),
(999, 'HumanTask', 1, 'terminated', 'init'),
(1000, 'HumanTask', 1, 'terminated', 'init'),
(1001, 'HumanTask', 1, 'ready(ControlFlow)', 'init'),
(1002, 'HumanTask', 1, 'terminated', 'init'),
(1003, 'HumanTask', 1, 'terminated', 'init'),
(1004, 'HumanTask', 1, 'ready', 'init'),
(1005, 'HumanTask', 1, 'ready(ControlFlow)', 'init'),
(1006, 'HumanTask', 1, 'ready', 'init'),
(1007, 'HumanTask', 1, 'ready', 'init'),
(1008, 'HumanTask', 1, 'terminated', 'init'),
(1009, 'HumanTask', 1, 'terminated', 'init'),
(1010, 'HumanTask', 1, 'terminated', 'init'),
(1011, 'HumanTask', 1, 'ready', 'init'),
(1012, 'HumanTask', 1, 'terminated', 'init'),
(1013, 'HumanTask', 1, 'terminated', 'init'),
(1014, 'HumanTask', 1, 'ready', 'init'),
(1015, 'HumanTask', 1, 'terminated', 'init'),
(1016, 'HumanTask', 1, 'terminated', 'init'),
(1017, 'HumanTask', 1, 'ready', 'init'),
(1018, 'HumanTask', 1, 'ready', 'init'),
(1019, 'HumanTask', 1, 'terminated', 'init'),
(1020, 'HumanTask', 1, 'running', 'init'),
(1021, 'HumanTask', 1, 'ready', 'init'),
(1022, 'HumanTask', 1, 'terminated', 'init'),
(1023, 'HumanTask', 1, 'terminated', 'init'),
(1024, 'HumanTask', 1, 'ready(ControlFlow)', 'init'),
(1025, 'HumanTask', 1, 'ready', 'init'),
(1026, 'HumanTask', 1, 'terminated', 'init'),
(1027, 'HumanTask', 1, 'terminated', 'init'),
(1028, 'HumanTask', 1, 'ready(ControlFlow)', 'init'),
(1029, 'HumanTask', 1, 'terminated', 'init'),
(1030, 'HumanTask', 1, 'terminated', 'init'),
(1031, 'HumanTask', 1, 'terminated', 'init'),
(1032, 'HumanTask', 1, 'ready(ControlFlow)', 'init'),
(1033, 'HumanTask', 1, 'ready(ControlFlow)', 'init'),
(1034, 'HumanTask', 1, 'ready', 'init'),
(1036, 'HumanTask', 1, 'ready', 'init'),
(1037, 'HumanTask', 1, 'ready', 'init'),
(1039, 'HumanTask', 1, 'ready', 'init'),
(1040, 'HumanTask', 1, 'ready', 'init'),
(1042, 'HumanTask', 1, 'ready', 'init'),
(1043, 'HumanTask', 1, 'ready', 'init'),
(1045, 'HumanTask', 1, 'running', 'init'),
(1046, 'HumanTask', 1, 'ready', 'init'),
(1048, 'HumanTask', 1, 'running', 'init'),
(1049, 'HumanTask', 1, 'running', 'init'),
(1051, 'HumanTask', 1, 'running', 'init'),
(1052, 'HumanTask', 1, 'running', 'init'),
(1054, 'HumanTask', 1, 'terminated', 'init'),
(1055, 'HumanTask', 1, 'terminated', 'init'),
(1058, 'HumanTask', 1, 'ready', 'init'),
(1059, 'HumanTask', 1, 'ready', 'init'),
(1061, 'HumanTask', 1, 'terminated', 'init'),
(1062, 'HumanTask', 1, 'terminated', 'init'),
(1065, 'HumanTask', 1, 'ready', 'init'),
(1066, 'HumanTask', 1, 'ready', 'init'),
(1068, 'HumanTask', 1, 'terminated', 'init'),
(1069, 'HumanTask', 1, 'terminated', 'init'),
(1072, 'HumanTask', 1, 'ready', 'init'),
(1073, 'HumanTask', 1, 'ready', 'init'),
(1075, 'HumanTask', 1, 'terminated', 'init'),
(1076, 'HumanTask', 1, 'terminated', 'init'),
(1079, 'HumanTask', 1, 'ready', 'init'),
(1080, 'HumanTask', 1, 'terminated', 'init'),
(1083, 'HumanTask', 1, 'terminated', 'init'),
(1084, 'HumanTask', 1, 'terminated', 'init'),
(1087, 'HumanTask', 1, 'terminated', 'init'),
(1088, 'HumanTask', 1, 'terminated', 'init'),
(1091, 'HumanTask', 1, 'ready', 'init'),
(1092, 'HumanTask', 1, 'ready', 'init'),
(1093, 'HumanTask', 1, 'terminated', 'init'),
(1094, 'HumanTask', 1, 'ready', 'init'),
(1095, 'HumanTask', 1, 'ready(ControlFlow)', 'init'),
(1096, 'HumanTask', 1, 'ready', 'init'),
(1097, 'HumanTask', 1, 'ready', 'init'),
(1099, 'HumanTask', 1, 'terminated', 'init'),
(1100, 'HumanTask', 1, 'terminated', 'init'),
(1103, 'HumanTask', 1, 'terminated', 'init'),
(1104, 'HumanTask', 1, 'terminated', 'init'),
(1107, 'HumanTask', 1, 'ready', 'init'),
(1108, 'HumanTask', 1, 'ready', 'init'),
(1109, 'HumanTask', 1, 'terminated', 'init'),
(1110, 'HumanTask', 1, 'terminated', 'init'),
(1111, 'HumanTask', 1, 'ready(ControlFlow)', 'init'),
(1112, 'HumanTask', 1, 'ready', 'init'),
(1113, 'HumanTask', 1, 'terminated', 'init'),
(1114, 'HumanTask', 1, 'ready', 'init'),
(1115, 'HumanTask', 1, 'ready(ControlFlow)', 'init'),
(1116, 'HumanTask', 1, 'terminated', 'init'),
(1117, 'HumanTask', 1, 'ready', 'init'),
(1118, 'HumanTask', 1, 'ready', 'init'),
(1119, 'HumanTask', 1, 'ready', 'init'),
(1120, 'HumanTask', 1, 'terminated', 'init'),
(1121, 'HumanTask', 1, 'ready(ControlFlow)', 'init'),
(1123, 'HumanTask', 1, 'terminated', 'init'),
(1124, 'HumanTask', 1, 'terminated', 'init'),
(1127, 'HumanTask', 1, 'terminated', 'init'),
(1128, 'HumanTask', 1, 'terminated', 'init'),
(1131, 'HumanTask', 1, 'ready', 'init'),
(1132, 'HumanTask', 1, 'ready', 'init'),
(1133, 'HumanTask', 1, 'terminated', 'init'),
(1134, 'HumanTask', 1, 'running', 'init'),
(1135, 'HumanTask', 1, 'ready', 'init'),
(1136, 'HumanTask', 1, 'ready', 'init'),
(1137, 'HumanTask', 1, 'terminated', 'init'),
(1138, 'HumanTask', 1, 'ready(ControlFlow)', 'init'),
(1140, 'HumanTask', 1, 'terminated', 'init'),
(1141, 'HumanTask', 1, 'terminated', 'init'),
(1144, 'HumanTask', 1, 'terminated', 'init'),
(1145, 'HumanTask', 1, 'terminated', 'init'),
(1148, 'HumanTask', 1, 'ready', 'init'),
(1149, 'HumanTask', 1, 'ready', 'init'),
(1150, 'HumanTask', 1, 'terminated', 'init'),
(1151, 'HumanTask', 1, 'terminated', 'init'),
(1152, 'HumanTask', 1, 'ready(ControlFlow)', 'init'),
(1153, 'HumanTask', 1, 'ready', 'init'),
(1154, 'HumanTask', 1, 'terminated', 'init'),
(1155, 'HumanTask', 1, 'terminated', 'init'),
(1156, 'HumanTask', 1, 'ready(ControlFlow)', 'init'),
(1157, 'HumanTask', 1, 'ready(ControlFlow)', 'init'),
(1159, 'HumanTask', 1, 'terminated', 'init'),
(1160, 'HumanTask', 1, 'terminated', 'init'),
(1163, 'HumanTask', 1, 'terminated', 'init'),
(1164, 'HumanTask', 1, 'terminated', 'init'),
(1167, 'HumanTask', 1, 'ready', 'init'),
(1168, 'HumanTask', 1, 'ready', 'init'),
(1169, 'HumanTask', 1, 'terminated', 'init'),
(1170, 'HumanTask', 1, 'terminated', 'init'),
(1171, 'HumanTask', 1, 'ready(ControlFlow)', 'init'),
(1172, 'HumanTask', 1, 'ready', 'init'),
(1173, 'HumanTask', 1, 'terminated', 'init'),
(1174, 'HumanTask', 1, 'terminated', 'init'),
(1175, 'HumanTask', 1, 'ready(ControlFlow)', 'init'),
(1176, 'HumanTask', 1, 'ready(ControlFlow)', 'init'),
(1178, 'HumanTask', 1, 'terminated', 'init'),
(1179, 'HumanTask', 1, 'terminated', 'init'),
(1182, 'HumanTask', 1, 'terminated', 'init'),
(1183, 'HumanTask', 1, 'terminated', 'init'),
(1186, 'HumanTask', 1, 'ready', 'init'),
(1187, 'HumanTask', 1, 'ready', 'init'),
(1188, 'HumanTask', 1, 'ready', 'init'),
(1189, 'HumanTask', 1, 'ready(ControlFlow)', 'init'),
(1190, 'HumanTask', 1, 'ready(ControlFlow)', 'init'),
(1191, 'HumanTask', 1, 'ready', 'init'),
(1192, 'HumanTask', 1, 'terminated', 'init'),
(1193, 'HumanTask', 1, 'ready', 'init'),
(1194, 'HumanTask', 1, 'ready', 'init'),
(1195, 'HumanTask', 1, 'ready', 'init'),
(1196, 'HumanTask', 1, 'terminated', 'init'),
(1197, 'HumanTask', 1, 'ready(ControlFlow)', 'init'),
(1199, 'HumanTask', 1, 'terminated', 'init'),
(1200, 'HumanTask', 1, 'terminated', 'init'),
(1203, 'HumanTask', 1, 'terminated', 'init'),
(1204, 'HumanTask', 1, 'terminated', 'init'),
(1207, 'HumanTask', 1, 'ready', 'init'),
(1208, 'HumanTask', 1, 'ready', 'init'),
(1209, 'HumanTask', 1, 'terminated', 'init'),
(1210, 'HumanTask', 1, 'ready', 'init'),
(1211, 'HumanTask', 1, 'ready', 'init'),
(1212, 'HumanTask', 1, 'ready', 'init'),
(1213, 'HumanTask', 1, 'terminated', 'init'),
(1214, 'HumanTask', 1, 'ready(ControlFlow)', 'init'),
(1216, 'HumanTask', 1, 'terminated', 'init'),
(1217, 'HumanTask', 1, 'terminated', 'init'),
(1220, 'HumanTask', 1, 'terminated', 'init'),
(1221, 'HumanTask', 1, 'terminated', 'init'),
(1224, 'HumanTask', 1, 'ready', 'init'),
(1225, 'HumanTask', 1, 'ready', 'init'),
(1226, 'HumanTask', 1, 'terminated', 'init'),
(1227, 'HumanTask', 1, 'terminated', 'init'),
(1228, 'HumanTask', 1, 'ready(ControlFlow)', 'init'),
(1229, 'HumanTask', 1, 'ready', 'init'),
(1230, 'HumanTask', 1, 'terminated', 'init'),
(1231, 'HumanTask', 1, 'terminated', 'init'),
(1232, 'HumanTask', 1, 'ready(ControlFlow)', 'init'),
(1233, 'HumanTask', 1, 'ready(ControlFlow)', 'init'),
(1235, 'HumanTask', 1, 'terminated', 'init'),
(1236, 'HumanTask', 1, 'terminated', 'init'),
(1239, 'HumanTask', 1, 'terminated', 'init'),
(1240, 'HumanTask', 1, 'terminated', 'init'),
(1243, 'HumanTask', 1, 'ready', 'init'),
(1244, 'HumanTask', 1, 'ready', 'init'),
(1245, 'HumanTask', 1, 'terminated', 'init'),
(1246, 'HumanTask', 1, 'ready', 'init'),
(1247, 'HumanTask', 1, 'ready(ControlFlow)', 'init'),
(1248, 'HumanTask', 1, 'ready', 'init'),
(1249, 'HumanTask', 1, 'ready', 'init'),
(1250, 'HumanTask', 1, 'running', 'init'),
(1251, 'HumanTask', 1, 'ready(ControlFlow)', 'init'),
(1252, 'HumanTask', 1, 'ready(ControlFlow)', 'init'),
(1253, 'HumanTask', 1, 'running', 'init'),
(1254, 'HumanTask', 1, 'terminated', 'init'),
(1255, 'HumanTask', 1, 'terminated', 'init'),
(1256, 'HumanTask', 1, 'ready(ControlFlow)', 'init'),
(1257, 'HumanTask', 1, 'ready', 'init'),
(1258, 'HumanTask', 1, 'terminated', 'init'),
(1259, 'HumanTask', 1, 'terminated', 'init'),
(1260, 'HumanTask', 1, 'ready(ControlFlow)', 'init'),
(1261, 'HumanTask', 1, 'ready(ControlFlow)', 'init'),
(1263, 'HumanTask', 1, 'terminated', 'init'),
(1264, 'HumanTask', 1, 'terminated', 'init'),
(1267, 'HumanTask', 1, 'terminated', 'init'),
(1268, 'HumanTask', 1, 'terminated', 'init'),
(1271, 'HumanTask', 1, 'ready', 'init'),
(1272, 'HumanTask', 1, 'ready', 'init'),
(1273, 'HumanTask', 1, 'terminated', 'init'),
(1274, 'HumanTask', 1, 'ready', 'init'),
(1275, 'HumanTask', 1, 'terminated', 'init'),
(1276, 'HumanTask', 1, 'ready', 'init'),
(1277, 'HumanTask', 1, 'terminated', 'init'),
(1278, 'HumanTask', 1, 'ready(ControlFlow)', 'init'),
(1279, 'HumanTask', 1, 'ready', 'init'),
(1280, 'HumanTask', 1, 'terminated', 'init'),
(1281, 'HumanTask', 1, 'terminated', 'init'),
(1282, 'HumanTask', 1, 'terminated', 'init'),
(1283, 'HumanTask', 1, 'ready', 'init'),
(1284, 'HumanTask', 1, 'terminated', 'init'),
(1285, 'HumanTask', 1, 'ready', 'init'),
(1286, 'HumanTask', 1, 'ready(ControlFlow)', 'init'),
(1287, 'HumanTask', 1, 'ready(ControlFlow)', 'init'),
(1288, 'HumanTask', 1, 'terminated', 'init'),
(1289, 'HumanTask', 1, 'terminated', 'init'),
(1290, 'HumanTask', 1, 'terminated', 'init'),
(1291, 'HumanTask', 1, 'ready', 'init'),
(1292, 'HumanTask', 1, 'terminated', 'init'),
(1293, 'HumanTask', 1, 'ready', 'init'),
(1294, 'HumanTask', 1, 'ready(ControlFlow)', 'init'),
(1295, 'HumanTask', 1, 'ready(ControlFlow)', 'init'),
(1296, 'HumanTask', 1, 'terminated', 'init'),
(1297, 'HumanTask', 1, 'terminated', 'init'),
(1298, 'HumanTask', 1, 'ready(ControlFlow)', 'init'),
(1299, 'HumanTask', 1, 'ready', 'init'),
(1300, 'HumanTask', 1, 'terminated', 'init'),
(1301, 'HumanTask', 1, 'ready', 'init'),
(1302, 'HumanTask', 1, 'ready(ControlFlow)', 'init'),
(1303, 'HumanTask', 1, 'terminated', 'init'),
(1304, 'HumanTask', 1, 'terminated', 'init'),
(1305, 'HumanTask', 1, 'ready(ControlFlow)', 'init'),
(1306, 'HumanTask', 1, 'ready', 'init'),
(1307, 'HumanTask', 1, 'terminated', 'init'),
(1308, 'HumanTask', 1, 'ready', 'init'),
(1309, 'HumanTask', 1, 'ready(ControlFlow)', 'init'),
(1310, 'HumanTask', 1, 'terminated', 'init'),
(1311, 'HumanTask', 1, 'terminated', 'init'),
(1312, 'HumanTask', 1, 'ready(ControlFlow)', 'init'),
(1313, 'HumanTask', 1, 'ready', 'init'),
(1314, 'HumanTask', 1, 'terminated', 'init'),
(1315, 'HumanTask', 1, 'ready', 'init'),
(1316, 'HumanTask', 1, 'ready(ControlFlow)', 'init'),
(1317, 'HumanTask', 1, 'terminated', 'init');
INSERT INTO `activityinstance` (`id`, `type`, `role_id`, `activity_state`, `workitem_state`) VALUES
(1318, 'HumanTask', 1, 'ready', 'init'),
(1319, 'HumanTask', 1, 'ready(ControlFlow)', 'init'),
(1320, 'HumanTask', 1, 'ready', 'init'),
(1321, 'HumanTask', 1, 'ready', 'init'),
(1322, 'HumanTask', 1, 'terminated', 'init'),
(1323, 'HumanTask', 1, 'terminated', 'init'),
(1324, 'HumanTask', 1, 'terminated', 'init'),
(1325, 'HumanTask', 1, 'ready', 'init'),
(1326, 'HumanTask', 1, 'terminated', 'init'),
(1327, 'HumanTask', 1, 'ready', 'init'),
(1328, 'HumanTask', 1, 'ready(ControlFlow)', 'init'),
(1329, 'HumanTask', 1, 'ready(ControlFlow)', 'init'),
(1330, 'HumanTask', 1, 'terminated', 'init'),
(1331, 'HumanTask', 1, 'terminated', 'init'),
(1332, 'HumanTask', 1, 'ready(ControlFlow)', 'init'),
(1333, 'HumanTask', 1, 'ready', 'init'),
(1334, 'HumanTask', 1, 'terminated', 'init'),
(1335, 'HumanTask', 1, 'ready', 'init'),
(1336, 'HumanTask', 1, 'ready(ControlFlow)', 'init'),
(1337, 'HumanTask', 1, 'terminated', 'init'),
(1338, 'HumanTask', 1, 'terminated', 'init'),
(1339, 'HumanTask', 1, 'terminated', 'init'),
(1340, 'HumanTask', 1, 'ready', 'init'),
(1341, 'HumanTask', 1, 'terminated', 'init'),
(1342, 'HumanTask', 1, 'ready', 'init'),
(1343, 'HumanTask', 1, 'ready(ControlFlow)', 'init'),
(1344, 'HumanTask', 1, 'ready(ControlFlow)', 'init'),
(1345, 'HumanTask', 1, 'terminated', 'init'),
(1346, 'HumanTask', 1, 'ready', 'init'),
(1347, 'HumanTask', 1, 'ready', 'init'),
(1348, 'HumanTask', 1, 'ready', 'init'),
(1349, 'HumanTask', 1, 'terminated', 'init'),
(1350, 'HumanTask', 1, 'ready(ControlFlow)', 'init'),
(1351, 'HumanTask', 1, 'terminated', 'init'),
(1352, 'HumanTask', 1, 'ready', 'init'),
(1353, 'HumanTask', 1, 'ready(ControlFlow)', 'init'),
(1354, 'HumanTask', 1, 'ready', 'init'),
(1355, 'HumanTask', 1, 'ready', 'init'),
(1356, 'HumanTask', 1, 'terminated', 'init'),
(1357, 'HumanTask', 1, 'running', 'init'),
(1358, 'HumanTask', 1, 'ready(ControlFlow)', 'init'),
(1359, 'HumanTask', 1, 'ready', 'init'),
(1360, 'HumanTask', 1, 'terminated', 'init'),
(1361, 'HumanTask', 1, 'ready(ControlFlow)', 'init'),
(1363, 'HumanTask', 1, 'terminated', 'init'),
(1364, 'HumanTask', 1, 'terminated', 'init'),
(1367, 'HumanTask', 1, 'terminated', 'init'),
(1368, 'HumanTask', 1, 'terminated', 'init'),
(1371, 'HumanTask', 1, 'ready', 'init'),
(1372, 'HumanTask', 1, 'ready', 'init'),
(1373, 'HumanTask', 1, 'terminated', 'init'),
(1374, 'HumanTask', 1, 'terminated', 'init'),
(1375, 'HumanTask', 1, 'ready(ControlFlow)', 'init'),
(1376, 'HumanTask', 1, 'ready', 'init'),
(1377, 'HumanTask', 1, 'terminated', 'init'),
(1378, 'HumanTask', 1, 'terminated', 'init'),
(1379, 'HumanTask', 1, 'ready(ControlFlow)', 'init'),
(1380, 'HumanTask', 1, 'ready(ControlFlow)', 'init'),
(1382, 'HumanTask', 1, 'terminated', 'init'),
(1383, 'HumanTask', 1, 'terminated', 'init'),
(1386, 'HumanTask', 1, 'terminated', 'init'),
(1387, 'HumanTask', 1, 'terminated', 'init'),
(1390, 'HumanTask', 1, 'ready', 'init'),
(1391, 'HumanTask', 1, 'ready', 'init'),
(1392, 'HumanTask', 1, 'terminated', 'init'),
(1393, 'HumanTask', 1, 'running', 'init'),
(1394, 'HumanTask', 1, 'ready(ControlFlow)', 'init'),
(1395, 'HumanTask', 1, 'ready', 'init'),
(1396, 'HumanTask', 1, 'ready', 'init'),
(1397, 'HumanTask', 1, 'terminated', 'init'),
(1398, 'HumanTask', 1, 'terminated', 'init'),
(1399, 'HumanTask', 1, 'ready(ControlFlow)', 'init'),
(1400, 'HumanTask', 1, 'ready', 'init'),
(1401, 'HumanTask', 1, 'terminated', 'init'),
(1402, 'HumanTask', 1, 'ready(ControlFlow)', 'init'),
(1403, 'HumanTask', 1, 'ready', 'init'),
(1404, 'HumanTask', 1, 'terminated', 'init'),
(1405, 'HumanTask', 1, 'running', 'init'),
(1406, 'HumanTask', 1, 'ready(ControlFlow)', 'init'),
(1407, 'HumanTask', 1, 'running', 'init'),
(1408, 'HumanTask', 1, 'terminated', 'init'),
(1409, 'HumanTask', 1, 'ready(ControlFlow)', 'init'),
(1410, 'HumanTask', 1, 'terminated', 'init'),
(1411, 'HumanTask', 1, 'terminated', 'init'),
(1412, 'HumanTask', 1, 'ready(ControlFlow)', 'init'),
(1413, 'HumanTask', 1, 'ready', 'init'),
(1414, 'HumanTask', 1, 'terminated', 'init'),
(1415, 'HumanTask', 1, 'ready', 'init'),
(1416, 'HumanTask', 1, 'ready(ControlFlow)', 'init'),
(1418, 'HumanTask', 1, 'terminated', 'init'),
(1419, 'HumanTask', 1, 'terminated', 'init'),
(1422, 'HumanTask', 1, 'terminated', 'init'),
(1423, 'HumanTask', 1, 'terminated', 'init'),
(1426, 'HumanTask', 1, 'ready', 'init'),
(1427, 'HumanTask', 1, 'ready', 'init'),
(1428, 'HumanTask', 1, 'terminated', 'init'),
(1429, 'HumanTask', 1, 'terminated', 'init'),
(1430, 'HumanTask', 1, 'ready(ControlFlow)', 'init'),
(1431, 'HumanTask', 1, 'ready', 'init'),
(1432, 'HumanTask', 1, 'terminated', 'init'),
(1433, 'HumanTask', 1, 'terminated', 'init'),
(1434, 'HumanTask', 1, 'ready(ControlFlow)', 'init'),
(1435, 'HumanTask', 1, 'ready(ControlFlow)', 'init'),
(1437, 'HumanTask', 1, 'terminated', 'init'),
(1438, 'HumanTask', 1, 'terminated', 'init'),
(1441, 'HumanTask', 1, 'terminated', 'init'),
(1442, 'HumanTask', 1, 'terminated', 'init'),
(1445, 'HumanTask', 1, 'ready', 'init'),
(1446, 'HumanTask', 1, 'ready', 'init'),
(1447, 'HumanTask', 1, 'terminated', 'init'),
(1448, 'HumanTask', 1, 'ready', 'init'),
(1449, 'HumanTask', 1, 'ready(ControlFlow)', 'init'),
(1450, 'HumanTask', 1, 'ready', 'init'),
(1451, 'HumanTask', 1, 'running', 'init'),
(1453, 'HumanTask', 1, 'terminated', 'init'),
(1454, 'HumanTask', 1, 'terminated', 'init'),
(1457, 'HumanTask', 1, 'terminated', 'init'),
(1458, 'HumanTask', 1, 'terminated', 'init'),
(1461, 'HumanTask', 1, 'ready', 'init'),
(1462, 'HumanTask', 1, 'ready', 'init'),
(1463, 'HumanTask', 1, 'terminated', 'init'),
(1464, 'HumanTask', 1, 'terminated', 'init'),
(1465, 'HumanTask', 1, 'ready(ControlFlow)', 'init'),
(1466, 'HumanTask', 1, 'ready', 'init'),
(1467, 'HumanTask', 1, 'terminated', 'init'),
(1468, 'HumanTask', 1, 'terminated', 'init'),
(1469, 'HumanTask', 1, 'ready(ControlFlow)', 'init'),
(1470, 'HumanTask', 1, 'ready(ControlFlow)', 'init'),
(1472, 'HumanTask', 1, 'terminated', 'init'),
(1473, 'HumanTask', 1, 'terminated', 'init'),
(1476, 'HumanTask', 1, 'terminated', 'init'),
(1477, 'HumanTask', 1, 'terminated', 'init'),
(1480, 'HumanTask', 1, 'ready', 'init'),
(1481, 'HumanTask', 1, 'ready', 'init'),
(1482, 'HumanTask', 1, 'terminated', 'init'),
(1483, 'HumanTask', 1, 'ready', 'init'),
(1484, 'HumanTask', 1, 'ready', 'init'),
(1485, 'HumanTask', 1, 'ready', 'init'),
(1486, 'HumanTask', 1, 'terminated', 'init'),
(1487, 'HumanTask', 1, 'ready(ControlFlow)', 'init'),
(1489, 'HumanTask', 1, 'terminated', 'init'),
(1490, 'HumanTask', 1, 'terminated', 'init'),
(1493, 'HumanTask', 1, 'terminated', 'init'),
(1494, 'HumanTask', 1, 'terminated', 'init'),
(1497, 'HumanTask', 1, 'ready', 'init'),
(1498, 'HumanTask', 1, 'ready', 'init'),
(1499, 'HumanTask', 1, 'terminated', 'init'),
(1500, 'HumanTask', 1, 'terminated', 'init'),
(1501, 'HumanTask', 1, 'ready(ControlFlow)', 'init'),
(1502, 'HumanTask', 1, 'ready', 'init'),
(1503, 'HumanTask', 1, 'terminated', 'init'),
(1504, 'HumanTask', 1, 'terminated', 'init'),
(1505, 'HumanTask', 1, 'ready(ControlFlow)', 'init'),
(1506, 'HumanTask', 1, 'ready(ControlFlow)', 'init'),
(1508, 'HumanTask', 1, 'terminated', 'init'),
(1509, 'HumanTask', 1, 'terminated', 'init'),
(1512, 'HumanTask', 1, 'terminated', 'init'),
(1513, 'HumanTask', 1, 'terminated', 'init'),
(1516, 'HumanTask', 1, 'ready', 'init'),
(1517, 'HumanTask', 1, 'ready', 'init'),
(1518, 'HumanTask', 1, 'terminated', 'init'),
(1519, 'HumanTask', 1, 'terminated', 'init'),
(1520, 'HumanTask', 1, 'ready(ControlFlow)', 'init'),
(1521, 'HumanTask', 1, 'ready', 'init'),
(1522, 'HumanTask', 1, 'terminated', 'init'),
(1523, 'HumanTask', 1, 'terminated', 'init'),
(1524, 'HumanTask', 1, 'ready(ControlFlow)', 'init'),
(1525, 'HumanTask', 1, 'ready(ControlFlow)', 'init'),
(1527, 'HumanTask', 1, 'terminated', 'init'),
(1528, 'HumanTask', 1, 'terminated', 'init'),
(1531, 'HumanTask', 1, 'terminated', 'init'),
(1532, 'HumanTask', 1, 'terminated', 'init'),
(1535, 'HumanTask', 1, 'ready', 'init'),
(1536, 'HumanTask', 1, 'ready', 'init'),
(1537, 'HumanTask', 1, 'terminated', 'init'),
(1538, 'HumanTask', 1, 'terminated', 'init'),
(1539, 'HumanTask', 1, 'ready(ControlFlow)', 'init'),
(1540, 'HumanTask', 1, 'ready', 'init'),
(1541, 'HumanTask', 1, 'terminated', 'init'),
(1542, 'HumanTask', 1, 'terminated', 'init'),
(1543, 'HumanTask', 1, 'ready(ControlFlow)', 'init'),
(1544, 'HumanTask', 1, 'ready(ControlFlow)', 'init'),
(1546, 'HumanTask', 1, 'terminated', 'init'),
(1547, 'HumanTask', 1, 'terminated', 'init'),
(1550, 'HumanTask', 1, 'terminated', 'init'),
(1551, 'HumanTask', 1, 'terminated', 'init'),
(1554, 'HumanTask', 1, 'ready', 'init'),
(1555, 'HumanTask', 1, 'ready', 'init'),
(1556, 'HumanTask', 1, 'terminated', 'init'),
(1557, 'HumanTask', 1, 'terminated', 'init'),
(1558, 'HumanTask', 1, 'ready(ControlFlow)', 'init'),
(1559, 'HumanTask', 1, 'ready', 'init'),
(1560, 'HumanTask', 1, 'terminated', 'init'),
(1561, 'HumanTask', 1, 'terminated', 'init'),
(1562, 'HumanTask', 1, 'ready(ControlFlow)', 'init'),
(1563, 'HumanTask', 1, 'ready(ControlFlow)', 'init'),
(1565, 'HumanTask', 1, 'terminated', 'init'),
(1566, 'HumanTask', 1, 'terminated', 'init'),
(1569, 'HumanTask', 1, 'terminated', 'init'),
(1570, 'HumanTask', 1, 'terminated', 'init'),
(1573, 'HumanTask', 1, 'ready', 'init'),
(1574, 'HumanTask', 1, 'ready', 'init'),
(1575, 'HumanTask', 1, 'terminated', 'init'),
(1576, 'HumanTask', 1, 'terminated', 'init'),
(1577, 'HumanTask', 1, 'ready(ControlFlow)', 'init'),
(1578, 'HumanTask', 1, 'ready', 'init'),
(1579, 'HumanTask', 1, 'terminated', 'init'),
(1580, 'HumanTask', 1, 'terminated', 'init'),
(1581, 'HumanTask', 1, 'ready(ControlFlow)', 'init'),
(1582, 'HumanTask', 1, 'ready(ControlFlow)', 'init'),
(1584, 'HumanTask', 1, 'terminated', 'init'),
(1585, 'HumanTask', 1, 'terminated', 'init'),
(1588, 'HumanTask', 1, 'terminated', 'init'),
(1589, 'HumanTask', 1, 'terminated', 'init'),
(1592, 'HumanTask', 1, 'ready', 'init'),
(1593, 'HumanTask', 1, 'ready', 'init'),
(1594, 'HumanTask', 1, 'terminated', 'init'),
(1595, 'HumanTask', 1, 'terminated', 'init'),
(1596, 'HumanTask', 1, 'ready(ControlFlow)', 'init'),
(1597, 'HumanTask', 1, 'ready', 'init'),
(1598, 'HumanTask', 1, 'terminated', 'init'),
(1599, 'HumanTask', 1, 'ready', 'init'),
(1600, 'HumanTask', 1, 'ready(ControlFlow)', 'init'),
(1601, 'HumanTask', 1, 'terminated', 'init'),
(1602, 'HumanTask', 1, 'terminated', 'init'),
(1603, 'HumanTask', 1, 'ready(ControlFlow)', 'init'),
(1604, 'HumanTask', 1, 'terminated', 'init'),
(1605, 'HumanTask', 1, 'terminated', 'init'),
(1606, 'HumanTask', 1, 'ready(ControlFlow)', 'init'),
(1607, 'HumanTask', 1, 'terminated', 'init'),
(1608, 'HumanTask', 1, 'ready(ControlFlow)', 'init'),
(1609, 'HumanTask', 1, 'terminated', 'init'),
(1610, 'HumanTask', 1, 'terminated', 'init'),
(1611, 'HumanTask', 1, 'terminated', 'init'),
(1612, 'HumanTask', 1, 'terminated', 'init'),
(1613, 'HumanTask', 1, 'terminated', 'init'),
(1614, 'HumanTask', 1, 'terminated', 'init'),
(1615, 'HumanTask', 1, 'terminated', 'init'),
(1616, 'HumanTask', 1, 'terminated', 'init'),
(1617, 'HumanTask', 1, 'ready', 'init'),
(1618, 'HumanTask', 1, 'terminated', 'init'),
(1619, 'HumanTask', 1, 'ready', 'init'),
(1620, 'HumanTask', 1, 'ready', 'init'),
(1621, 'HumanTask', 1, 'ready', 'init'),
(1622, 'HumanTask', 1, 'terminated', 'init'),
(1623, 'HumanTask', 1, 'ready(ControlFlow)', 'init'),
(1624, 'HumanTask', 1, 'terminated', 'init'),
(1625, 'HumanTask', 1, 'ready', 'init'),
(1626, 'HumanTask', 1, 'ready(ControlFlow)', 'init'),
(1627, 'HumanTask', 1, 'ready', 'init'),
(1628, 'HumanTask', 1, 'terminated', 'init'),
(1629, 'HumanTask', 1, 'ready', 'init'),
(1630, 'HumanTask', 1, 'ready', 'init'),
(1631, 'HumanTask', 1, 'ready', 'init'),
(1632, 'HumanTask', 1, 'terminated', 'init'),
(1633, 'HumanTask', 1, 'ready(ControlFlow)', 'init'),
(1634, 'HumanTask', 1, 'terminated', 'init'),
(1635, 'HumanTask', 1, 'terminated', 'init'),
(1636, 'HumanTask', 1, 'ready(ControlFlow)', 'init'),
(1637, 'HumanTask', 1, 'ready', 'init'),
(1638, 'HumanTask', 1, 'terminated', 'init'),
(1639, 'HumanTask', 1, 'terminated', 'init'),
(1640, 'HumanTask', 1, 'ready(ControlFlow)', 'init'),
(1641, 'HumanTask', 1, 'ready(ControlFlow)', 'init'),
(1643, 'HumanTask', 1, 'terminated', 'init'),
(1644, 'HumanTask', 1, 'terminated', 'init'),
(1647, 'HumanTask', 1, 'terminated', 'init'),
(1648, 'HumanTask', 1, 'terminated', 'init'),
(1651, 'HumanTask', 1, 'ready', 'init'),
(1652, 'HumanTask', 1, 'ready', 'init'),
(1653, 'HumanTask', 1, 'ready', 'init'),
(1654, 'HumanTask', 1, 'terminated', 'init'),
(1655, 'HumanTask', 1, 'ready', 'init'),
(1656, 'HumanTask', 1, 'ready', 'init'),
(1657, 'HumanTask', 1, 'ready', 'init'),
(1658, 'HumanTask', 1, 'terminated', 'init'),
(1659, 'HumanTask', 1, 'ready(ControlFlow)', 'init'),
(1660, 'HumanTask', 1, 'terminated', 'init'),
(1661, 'HumanTask', 1, 'ready', 'init'),
(1662, 'HumanTask', 1, 'ready(ControlFlow)', 'init'),
(1663, 'HumanTask', 1, 'ready', 'init'),
(1664, 'HumanTask', 1, 'terminated', 'init'),
(1665, 'HumanTask', 1, 'ready(ControlFlow)', 'init'),
(1666, 'HumanTask', 1, 'terminated', 'init'),
(1667, 'HumanTask', 1, 'ready', 'init'),
(1668, 'HumanTask', 1, 'ready(ControlFlow)', 'init'),
(1669, 'HumanTask', 1, 'ready', 'init'),
(1670, 'HumanTask', 1, 'terminated', 'init'),
(1671, 'HumanTask', 1, 'ready(ControlFlow)', 'init'),
(1672, 'HumanTask', 1, 'terminated', 'init'),
(1673, 'HumanTask', 1, 'ready', 'init'),
(1674, 'HumanTask', 1, 'ready(ControlFlow)', 'init'),
(1675, 'HumanTask', 1, 'ready', 'init'),
(1676, 'HumanTask', 1, 'terminated', 'init'),
(1677, 'HumanTask', 1, 'ready(ControlFlow)', 'init'),
(1678, 'HumanTask', 1, 'terminated', 'init'),
(1679, 'HumanTask', 1, 'terminated', 'init'),
(1680, 'HumanTask', 1, 'ready(ControlFlow)', 'init'),
(1681, 'HumanTask', 1, 'ready', 'init'),
(1682, 'HumanTask', 1, 'terminated', 'init'),
(1683, 'HumanTask', 1, 'terminated', 'init'),
(1684, 'HumanTask', 1, 'ready(ControlFlow)', 'init'),
(1685, 'HumanTask', 1, 'ready(ControlFlow)', 'init'),
(1687, 'HumanTask', 1, 'terminated', 'init'),
(1688, 'HumanTask', 1, 'terminated', 'init'),
(1691, 'HumanTask', 1, 'terminated', 'init'),
(1692, 'HumanTask', 1, 'terminated', 'init'),
(1695, 'HumanTask', 1, 'ready', 'init'),
(1696, 'HumanTask', 1, 'ready', 'init'),
(1697, 'HumanTask', 1, 'ready(ControlFlow)', 'init'),
(1698, 'HumanTask', 1, 'ready(ControlFlow)', 'init'),
(1699, 'HumanTask', 1, 'ready(ControlFlow)', 'init'),
(1700, 'HumanTask', 1, 'terminated', 'init'),
(1701, 'HumanTask', 1, 'terminated', 'init'),
(1702, 'HumanTask', 1, 'ready', 'init'),
(1703, 'HumanTask', 1, 'ready(ControlFlow)', 'init'),
(1704, 'HumanTask', 1, 'ready(ControlFlow)', 'init'),
(1705, 'HumanTask', 1, 'terminated', 'init'),
(1706, 'HumanTask', 1, 'terminated', 'init'),
(1707, 'HumanTask', 1, 'terminated', 'init'),
(1708, 'HumanTask', 1, 'terminated', 'init'),
(1709, 'HumanTask', 1, 'terminated', 'init'),
(1710, 'HumanTask', 1, 'ready(ControlFlow)', 'init'),
(1711, 'HumanTask', 1, 'ready(ControlFlow)', 'init'),
(1712, 'HumanTask', 1, 'ready(ControlFlow)', 'init'),
(1713, 'HumanTask', 1, 'terminated', 'init'),
(1714, 'HumanTask', 1, 'terminated', 'init'),
(1715, 'HumanTask', 1, 'ready(ControlFlow)', 'init'),
(1716, 'HumanTask', 1, 'terminated', 'init'),
(1717, 'HumanTask', 1, 'terminated', 'init'),
(1718, 'HumanTask', 1, 'terminated', 'init'),
(1719, 'HumanTask', 1, 'ready(ControlFlow)', 'init'),
(1720, 'HumanTask', 1, 'ready', 'init'),
(1721, 'HumanTask', 1, 'terminated', 'init'),
(1722, 'HumanTask', 1, 'terminated', 'init'),
(1723, 'HumanTask', 1, 'ready(ControlFlow)', 'init'),
(1724, 'HumanTask', 1, 'ready(ControlFlow)', 'init'),
(1726, 'HumanTask', 1, 'terminated', 'init'),
(1727, 'HumanTask', 1, 'terminated', 'init'),
(1730, 'HumanTask', 1, 'terminated', 'init'),
(1731, 'HumanTask', 1, 'terminated', 'init'),
(1734, 'HumanTask', 1, 'ready', 'init'),
(1735, 'HumanTask', 1, 'ready', 'init'),
(1736, 'HumanTask', 1, 'terminated', 'init'),
(1737, 'HumanTask', 1, 'ready(ControlFlow)', 'init'),
(1738, 'HumanTask', 1, 'ready', 'init'),
(1739, 'HumanTask', 1, 'ready', 'init'),
(1740, 'HumanTask', 1, 'ready', 'init'),
(1741, 'HumanTask', 1, 'ready(ControlFlow)', 'init'),
(1742, 'HumanTask', 1, 'terminated', 'init'),
(1743, 'HumanTask', 1, 'terminated', 'init'),
(1744, 'HumanTask', 1, 'ready(ControlFlow)', 'init'),
(1745, 'HumanTask', 1, 'ready', 'init'),
(1746, 'HumanTask', 1, 'terminated', 'init'),
(1747, 'HumanTask', 1, 'terminated', 'init'),
(1748, 'HumanTask', 1, 'ready(ControlFlow)', 'init'),
(1749, 'HumanTask', 1, 'ready(ControlFlow)', 'init'),
(1751, 'HumanTask', 1, 'terminated', 'init'),
(1752, 'HumanTask', 1, 'terminated', 'init'),
(1755, 'HumanTask', 1, 'terminated', 'init'),
(1756, 'HumanTask', 1, 'terminated', 'init'),
(1759, 'HumanTask', 1, 'ready', 'init'),
(1760, 'HumanTask', 1, 'ready', 'init'),
(1761, 'HumanTask', 1, 'terminated', 'init'),
(1762, 'HumanTask', 1, 'terminated', 'init'),
(1763, 'HumanTask', 1, 'ready', 'init'),
(1764, 'HumanTask', 1, 'terminated', 'init'),
(1765, 'HumanTask', 1, 'terminated', 'init'),
(1766, 'HumanTask', 1, 'ready(ControlFlow)', 'init'),
(1767, 'HumanTask', 1, 'ready', 'init'),
(1768, 'HumanTask', 1, 'ready(ControlFlow)', 'init'),
(1769, 'HumanTask', 1, 'terminated', 'init'),
(1770, 'HumanTask', 1, 'ready(ControlFlow)', 'init'),
(1771, 'HumanTask', 1, 'terminated', 'init'),
(1772, 'HumanTask', 1, 'ready(ControlFlow)', 'init'),
(1773, 'HumanTask', 1, 'ready(ControlFlow)', 'init'),
(1774, 'HumanTask', 1, 'terminated', 'init'),
(1775, 'HumanTask', 1, 'terminated', 'init'),
(1776, 'HumanTask', 1, 'ready(ControlFlow)', 'init'),
(1777, 'HumanTask', 1, 'ready', 'init'),
(1778, 'HumanTask', 1, 'terminated', 'init'),
(1779, 'HumanTask', 1, 'terminated', 'init'),
(1780, 'HumanTask', 1, 'ready(ControlFlow)', 'init'),
(1781, 'HumanTask', 1, 'ready(ControlFlow)', 'init'),
(1783, 'HumanTask', 1, 'terminated', 'init'),
(1784, 'HumanTask', 1, 'terminated', 'init'),
(1787, 'HumanTask', 1, 'terminated', 'init'),
(1788, 'HumanTask', 1, 'terminated', 'init'),
(1791, 'HumanTask', 1, 'ready', 'init'),
(1792, 'HumanTask', 1, 'ready', 'init'),
(1793, 'HumanTask', 1, 'terminated', 'init'),
(1794, 'HumanTask', 1, 'terminated', 'init'),
(1795, 'HumanTask', 1, 'terminated', 'init'),
(1796, 'HumanTask', 1, 'terminated', 'init'),
(1797, 'HumanTask', 1, 'terminated', 'init'),
(1798, 'HumanTask', 1, 'ready(ControlFlow)', 'init'),
(1799, 'HumanTask', 1, 'ready(ControlFlow)', 'init'),
(1800, 'HumanTask', 1, 'ready(ControlFlow)', 'init');

-- --------------------------------------------------------

--
-- Tabellenstruktur für Tabelle `activitystate`
--

CREATE TABLE IF NOT EXISTS `activitystate` (
  `state` varchar(512) NOT NULL
) ENGINE=InnoDB DEFAULT CHARSET=latin1;

--
-- Daten für Tabelle `activitystate`
--

INSERT INTO `activitystate` (`state`) VALUES
('init'),
('ready'),
('ready(ControlFlow)'),
('ready(Data)'),
('running'),
('skipped'),
('terminated');

-- --------------------------------------------------------

--
-- Tabellenstruktur für Tabelle `configuration`
--

CREATE TABLE IF NOT EXISTS `configuration` (
`id` int(11) NOT NULL,
  `behaviourdata` varchar(1024) NOT NULL,
  `controlnode_id` int(11) NOT NULL,
  `role_id` int(11) NOT NULL
) ENGINE=InnoDB DEFAULT CHARSET=latin1 AUTO_INCREMENT=1 ;

-- --------------------------------------------------------

--
-- Tabellenstruktur für Tabelle `controlflow`
--

CREATE TABLE IF NOT EXISTS `controlflow` (
  `controlnode_id1` int(11) NOT NULL,
  `controlnode_id2` int(11) NOT NULL,
  `condition` varchar(512) NOT NULL
) ENGINE=InnoDB DEFAULT CHARSET=latin1;

--
-- Daten für Tabelle `controlflow`
--

INSERT INTO `controlflow` (`controlnode_id1`, `controlnode_id2`, `condition`) VALUES
(1, 2, ''),
(2, 5, ''),
(3, 4, ''),
(4, 8, ''),
(5, 6, ''),
(6, 7, ''),
(9, 10, ''),
(10, 11, ''),
(12, 13, ''),
(12, 14, ''),
(15, 16, ''),
(16, 17, ''),
(18, 19, ''),
(19, 20, ''),
(20, 21, ''),
(101, 102, ''),
(102, 103, ''),
(102, 104, ''),
(103, 105, ''),
(104, 105, ''),
(105, 106, ''),
(108, 109, ''),
(109, 110, ''),
(110, 107, ''),
(111, 112, ''),
(112, 113, ''),
(114, 115, ''),
(116, 114, ''),
(118, 119, ''),
(119, 117, ''),
(120, 121, ''),
(122, 120, ''),
(124, 125, ''),
(125, 126, ''),
(126, 123, ''),
(127, 128, ''),
(128, 129, ''),
(130, 131, ''),
(132, 130, '');

-- --------------------------------------------------------

--
-- Tabellenstruktur für Tabelle `controlnode`
--

CREATE TABLE IF NOT EXISTS `controlnode` (
`id` int(11) NOT NULL,
  `label` varchar(512) NOT NULL,
  `type` varchar(512) NOT NULL,
  `fragment_id` int(11) NOT NULL
) ENGINE=InnoDB  DEFAULT CHARSET=latin1 AUTO_INCREMENT=133 ;

--
-- Daten für Tabelle `controlnode`
--

INSERT INTO `controlnode` (`id`, `label`, `type`, `fragment_id`) VALUES
(1, 'StartEventFragment1', 'Startevent', 1),
(2, 'Activity1Fragment1', 'Activity', 1),
(3, 'StartEventFragment2', 'Startevent', 2),
(4, 'Activity1Fragment2', 'Activity', 2),
(5, 'Activity2Fragment1', 'Activity', 1),
(6, 'Activity2Fragment1', 'Activity', 1),
(7, 'Endevent1Fragment1', 'Endevent', 1),
(8, 'Endevent1Fragment2', 'Endevent', 2),
(9, 'StartEventFragment3', 'Startevent', 3),
(10, 'ActivityFragment3', 'Activity', 3),
(11, 'EndEventFragment3', 'Endevent', 3),
(12, 'test1', 'Activity', 100),
(13, 'test2', 'Activity', 100),
(14, 'test3', 'Activity', 100),
(15, 'StartEventFragment4', 'Startevent', 4),
(16, 'ActivityFragment4', 'Activity', 4),
(17, 'EndeventFragment4', 'Endevent', 4),
(18, 'StarteventScenario3', 'Startevent', 5),
(19, 'Activity1Scenario3', 'Activity', 5),
(20, 'EmailTaskScenario3', 'EmailTask', 5),
(21, 'EndeventScenario3', 'Endevent', 5),
(100, 'TestAND', 'AND', 100),
(101, 'Startevent', 'Startevent', 101),
(102, 'AND', 'AND', 101),
(103, 'Activity1', 'Activity', 101),
(104, 'Activity2', 'Activity', 101),
(105, 'AND Join', 'AND', 101),
(106, 'Endevent', 'Endevent', 101),
(107, '', 'Endevent', 102),
(108, '', 'Startevent', 102),
(109, 'A1', 'Activity', 102),
(110, 'A2', 'Activity', 102),
(111, '', 'Startevent', 103),
(112, 'B1', 'Activity', 103),
(113, '', 'Endevent', 103),
(114, 'C2', 'Activity', 104),
(115, '', 'Endevent', 104),
(116, '', 'Startevent', 104),
(117, '', 'Endevent', 105),
(118, '', 'Startevent', 105),
(119, 'Act1', 'Activity', 105),
(120, 'Act1', 'Activity', 106),
(121, '', 'Endevent', 106),
(122, '', 'Startevent', 106),
(123, '', 'Endevent', 107),
(124, '', 'Startevent', 107),
(125, 'A1', 'Activity', 107),
(126, 'A2', 'Activity', 107),
(127, '', 'Startevent', 108),
(128, 'B1', 'Activity', 108),
(129, '', 'Endevent', 108),
(130, 'C2', 'Activity', 109),
(131, '', 'Endevent', 109),
(132, '', 'Startevent', 109);

-- --------------------------------------------------------

--
-- Tabellenstruktur für Tabelle `controlnodeinstance`
--

CREATE TABLE IF NOT EXISTS `controlnodeinstance` (
`id` int(11) NOT NULL,
  `Type` varchar(512) NOT NULL,
  `controlnode_id` int(11) NOT NULL,
  `fragmentinstance_id` int(11) NOT NULL
) ENGINE=InnoDB  DEFAULT CHARSET=latin1 AUTO_INCREMENT=1801 ;

--
-- Daten für Tabelle `controlnodeinstance`
--

INSERT INTO `controlnodeinstance` (`id`, `Type`, `controlnode_id`, `fragmentinstance_id`) VALUES
(76, 'Activity', 2, 78),
(77, 'Activity', 4, 79),
(78, 'Activity', 5, 78),
(79, 'Activity', 76, 78),
(80, 'Activity', 78, 78),
(81, 'Activity', 77, 79),
(82, 'Activity', 79, 78),
(83, 'Activity', 80, 78),
(84, 'Activity', 81, 79),
(85, 'Activity', 2, 80),
(86, 'Activity', 4, 81),
(87, 'Activity', 5, 80),
(88, 'Activity', 4, 82),
(89, 'Activity', 6, 80),
(90, 'Activity', 2, 83),
(91, 'Activity', 5, 83),
(92, 'Activity', 2, 84),
(93, 'Activity', 4, 85),
(94, 'Activity', 5, 84),
(95, 'Activity', 2, 86),
(96, 'Activity', 4, 87),
(97, 'Activity', 2, 88),
(98, 'Activity', 4, 89),
(99, 'Activity', 2, 90),
(100, 'Activity', 4, 91),
(101, 'Activity', 4, 92),
(102, 'Activity', 2, 93),
(103, 'Activity', 4, 94),
(104, 'Activity', 4, 95),
(105, 'Activity', 5, 93),
(106, 'Activity', 2, 96),
(107, 'Activity', 4, 97),
(108, 'Activity', 2, 98),
(109, 'Activity', 4, 99),
(110, 'Activity', 2, 100),
(111, 'Activity', 4, 101),
(112, 'Activity', 2, 102),
(113, 'Activity', 4, 103),
(114, 'Activity', 2, 104),
(115, 'Activity', 4, 105),
(116, 'Activity', 2, 106),
(117, 'Activity', 4, 107),
(118, 'Activity', 4, 108),
(119, 'Activity', 2, 109),
(120, 'Activity', 4, 110),
(121, 'Activity', 4, 111),
(122, 'Activity', 2, 112),
(123, 'Activity', 4, 113),
(124, 'Activity', 4, 114),
(125, 'Activity', 2, 115),
(126, 'Activity', 4, 116),
(127, 'Activity', 4, 117),
(128, 'Activity', 4, 118),
(129, 'Activity', 2, 119),
(130, 'Activity', 4, 120),
(131, 'Activity', 4, 121),
(132, 'Activity', 4, 122),
(133, 'Activity', 4, 123),
(134, 'Activity', 4, 124),
(135, 'Activity', 4, 125),
(136, 'Activity', 4, 126),
(137, 'Activity', 4, 127),
(138, 'Activity', 4, 128),
(139, 'Activity', 4, 129),
(140, 'Activity', 4, 130),
(141, 'Activity', 4, 131),
(142, 'Activity', 4, 132),
(143, 'Activity', 4, 133),
(144, 'Activity', 4, 134),
(145, 'Activity', 4, 135),
(146, 'Activity', 4, 136),
(147, 'Activity', 4, 137),
(148, 'Activity', 4, 138),
(149, 'Activity', 4, 139),
(150, 'Activity', 4, 140),
(151, 'Activity', 4, 141),
(152, 'Activity', 4, 142),
(153, 'Activity', 4, 143),
(154, 'Activity', 4, 144),
(155, 'Activity', 4, 145),
(156, 'Activity', 4, 146),
(157, 'Activity', 4, 147),
(158, 'Activity', 2, 148),
(159, 'Activity', 4, 149),
(160, 'Activity', 4, 150),
(161, 'Activity', 4, 151),
(162, 'Activity', 4, 152),
(163, 'Activity', 4, 153),
(164, 'Activity', 4, 154),
(165, 'Activity', 4, 155),
(166, 'Activity', 4, 156),
(167, 'Activity', 4, 157),
(168, 'Activity', 2, 158),
(169, 'Activity', 4, 159),
(170, 'Activity', 4, 160),
(171, 'Activity', 4, 161),
(172, 'Activity', 4, 162),
(173, 'Activity', 4, 163),
(174, 'Activity', 4, 164),
(175, 'Activity', 4, 165),
(176, 'Activity', 4, 166),
(177, 'Activity', 4, 167),
(178, 'Activity', 4, 168),
(179, 'Activity', 4, 169),
(180, 'Activity', 2, 170),
(181, 'Activity', 4, 171),
(182, 'Activity', 4, 172),
(183, 'Activity', 4, 173),
(184, 'Activity', 4, 174),
(185, 'Activity', 4, 175),
(186, 'Activity', 2, 176),
(187, 'Activity', 4, 177),
(188, 'Activity', 4, 178),
(189, 'Activity', 4, 179),
(190, 'Activity', 2, 180),
(191, 'Activity', 4, 181),
(192, 'Activity', 5, 180),
(193, 'Activity', 6, 180),
(194, 'Activity', 2, 182),
(195, 'Activity', 4, 183),
(196, 'Activity', 4, 184),
(197, 'Activity', 4, 185),
(198, 'Activity', 4, 186),
(199, 'Activity', 4, 187),
(200, 'Activity', 4, 188),
(201, 'Activity', 4, 189),
(202, 'Activity', 2, 190),
(203, 'Activity', 4, 191),
(204, 'Activity', 2, 192),
(205, 'Activity', 4, 193),
(206, 'Activity', 5, 109),
(207, 'Activity', 6, 109),
(208, 'Activity', 2, 194),
(209, 'Activity', 2, 195),
(210, 'Activity', 4, 196),
(211, 'Activity', 2, 197),
(212, 'Activity', 4, 198),
(213, 'Activity', 5, 197),
(214, 'Activity', 6, 197),
(215, 'Activity', 2, 199),
(216, 'Activity', 4, 200),
(217, 'Activity', 5, 199),
(218, 'Activity', 6, 199),
(219, 'Activity', 4, 201),
(220, 'Activity', 2, 202),
(221, 'Activity', 4, 203),
(222, 'Activity', 5, 202),
(223, 'Activity', 6, 202),
(224, 'Activity', 4, 204),
(225, 'Activity', 2, 205),
(226, 'Activity', 2, 206),
(227, 'Activity', 4, 207),
(228, 'Activity', 5, 206),
(229, 'Activity', 4, 208),
(230, 'Activity', 6, 206),
(231, 'Activity', 2, 209),
(232, 'Activity', 2, 210),
(233, 'Activity', 4, 211),
(234, 'Activity', 2, 213),
(235, 'Activity', 4, 214),
(236, 'Activity', 10, 215),
(237, 'Activity', 5, 213),
(238, 'Activity', 4, 216),
(239, 'Activity', 2, 217),
(240, 'Activity', 4, 218),
(241, 'Activity', 10, 219),
(242, 'Activity', 5, 217),
(243, 'Activity', 6, 217),
(244, 'Activity', 2, 220),
(245, 'Activity', 4, 221),
(246, 'Activity', 10, 222),
(247, 'Activity', 5, 220),
(248, 'Activity', 2, 223),
(249, 'Activity', 4, 224),
(250, 'Activity', 10, 225),
(251, 'Activity', 2, 226),
(252, 'Activity', 4, 227),
(253, 'Activity', 10, 228),
(254, 'Activity', 2, 229),
(255, 'Activity', 4, 230),
(256, 'Activity', 10, 231),
(257, 'Activity', 5, 229),
(258, 'Activity', 6, 229),
(259, 'Activity', 2, 232),
(260, 'Activity', 4, 233),
(261, 'Activity', 10, 234),
(262, 'Activity', 2, 235),
(263, 'Activity', 4, 236),
(264, 'Activity', 10, 237),
(265, 'Activity', 2, 238),
(266, 'Activity', 4, 239),
(267, 'Activity', 10, 240),
(268, 'Activity', 2, 241),
(269, 'Activity', 4, 242),
(270, 'Activity', 10, 243),
(271, 'Activity', 2, 244),
(272, 'Activity', 4, 245),
(273, 'Activity', 10, 246),
(274, 'Activity', 2, 247),
(275, 'Activity', 4, 248),
(276, 'Activity', 10, 249),
(277, 'Activity', 2, 250),
(278, 'Activity', 4, 251),
(279, 'Activity', 10, 252),
(280, 'Activity', 2, 253),
(281, 'Activity', 4, 254),
(282, 'Activity', 10, 255),
(283, 'Activity', 2, 256),
(284, 'Activity', 4, 257),
(285, 'Activity', 10, 258),
(286, 'Activity', 2, 259),
(287, 'Activity', 4, 260),
(288, 'Activity', 10, 261),
(289, 'Activity', 2, 262),
(290, 'Activity', 4, 263),
(291, 'Activity', 10, 264),
(292, 'Activity', 2, 265),
(293, 'Activity', 4, 266),
(294, 'Activity', 10, 267),
(295, 'Activity', 2, 268),
(296, 'Activity', 4, 269),
(297, 'Activity', 10, 270),
(298, 'Activity', 2, 271),
(299, 'Activity', 4, 272),
(300, 'Activity', 10, 273),
(301, 'Activity', 2, 274),
(302, 'Activity', 4, 275),
(303, 'Activity', 10, 276),
(304, 'Activity', 2, 277),
(305, 'Activity', 4, 278),
(306, 'Activity', 10, 279),
(307, 'Activity', 2, 280),
(308, 'Activity', 4, 281),
(309, 'Activity', 10, 282),
(310, 'Activity', 2, 283),
(311, 'Activity', 4, 284),
(312, 'Activity', 10, 285),
(313, 'Activity', 2, 286),
(314, 'Activity', 4, 287),
(315, 'Activity', 10, 288),
(316, 'Activity', 2, 289),
(317, 'Activity', 4, 290),
(318, 'Activity', 10, 291),
(319, 'Activity', 2, 292),
(320, 'Activity', 4, 293),
(321, 'Activity', 10, 294),
(322, 'Activity', 2, 295),
(323, 'Activity', 4, 296),
(324, 'Activity', 10, 297),
(325, 'Activity', 2, 298),
(326, 'Activity', 4, 299),
(327, 'Activity', 10, 300),
(328, 'Activity', 2, 301),
(329, 'Activity', 4, 302),
(330, 'Activity', 10, 303),
(331, 'Activity', 2, 304),
(332, 'Activity', 4, 305),
(333, 'Activity', 10, 306),
(334, 'Activity', 2, 307),
(335, 'Activity', 4, 308),
(336, 'Activity', 10, 309),
(337, 'Activity', 2, 310),
(338, 'Activity', 4, 311),
(339, 'Activity', 10, 312),
(340, 'Activity', 2, 313),
(341, 'Activity', 4, 314),
(342, 'Activity', 10, 315),
(343, 'Activity', 2, 316),
(344, 'Activity', 4, 317),
(345, 'Activity', 10, 318),
(346, 'Activity', 2, 319),
(347, 'Activity', 4, 320),
(348, 'Activity', 10, 321),
(349, 'Activity', 2, 322),
(350, 'Activity', 4, 323),
(351, 'Activity', 10, 324),
(352, 'Activity', 2, 325),
(353, 'Activity', 4, 326),
(354, 'Activity', 10, 327),
(355, 'Activity', 2, 328),
(356, 'Activity', 4, 329),
(357, 'Activity', 10, 330),
(358, 'Activity', 2, 331),
(359, 'Activity', 4, 332),
(360, 'Activity', 10, 333),
(361, 'Activity', 2, 334),
(362, 'Activity', 4, 335),
(363, 'Activity', 10, 336),
(364, 'Activity', 2, 337),
(365, 'Activity', 4, 338),
(366, 'Activity', 10, 339),
(367, 'Activity', 2, 340),
(368, 'Activity', 4, 341),
(369, 'Activity', 10, 342),
(370, 'Activity', 2, 343),
(371, 'Activity', 4, 344),
(372, 'Activity', 10, 345),
(373, 'Activity', 2, 346),
(374, 'Activity', 4, 347),
(375, 'Activity', 10, 348),
(376, 'Activity', 2, 349),
(377, 'Activity', 4, 350),
(378, 'Activity', 10, 351),
(379, 'Activity', 2, 352),
(380, 'Activity', 4, 353),
(381, 'Activity', 10, 354),
(382, 'Activity', 2, 355),
(383, 'Activity', 4, 356),
(384, 'Activity', 10, 357),
(385, 'Activity', 2, 358),
(386, 'Activity', 4, 359),
(387, 'Activity', 10, 360),
(388, 'Activity', 2, 361),
(389, 'Activity', 4, 362),
(390, 'Activity', 10, 363),
(391, 'Activity', 2, 364),
(392, 'Activity', 4, 365),
(393, 'Activity', 10, 366),
(394, 'Activity', 2, 367),
(395, 'Activity', 4, 368),
(396, 'Activity', 10, 369),
(397, 'Activity', 2, 370),
(398, 'Activity', 4, 371),
(399, 'Activity', 10, 372),
(400, 'Activity', 2, 373),
(401, 'Activity', 4, 374),
(402, 'Activity', 10, 375),
(403, 'Activity', 2, 376),
(404, 'Activity', 4, 377),
(405, 'Activity', 10, 378),
(406, 'Activity', 2, 379),
(407, 'Activity', 4, 380),
(408, 'Activity', 10, 381),
(409, 'Activity', 2, 382),
(410, 'Activity', 4, 383),
(411, 'Activity', 10, 384),
(412, 'Activity', 2, 385),
(413, 'Activity', 4, 386),
(414, 'Activity', 10, 387),
(415, 'Activity', 2, 388),
(416, 'Activity', 4, 389),
(417, 'Activity', 10, 390),
(418, 'Activity', 2, 391),
(419, 'Activity', 4, 392),
(420, 'Activity', 10, 393),
(421, 'Activity', 2, 394),
(422, 'Activity', 4, 395),
(423, 'Activity', 10, 396),
(424, 'Activity', 2, 397),
(425, 'Activity', 4, 398),
(426, 'Activity', 10, 399),
(427, 'Activity', 2, 400),
(428, 'Activity', 4, 401),
(429, 'Activity', 10, 402),
(430, 'Activity', 2, 403),
(431, 'Activity', 4, 404),
(432, 'Activity', 10, 405),
(433, 'Activity', 2, 406),
(434, 'Activity', 4, 407),
(435, 'Activity', 10, 408),
(436, 'Activity', 2, 409),
(437, 'Activity', 4, 410),
(438, 'Activity', 10, 411),
(439, 'Activity', 2, 412),
(440, 'Activity', 4, 413),
(441, 'Activity', 10, 414),
(442, 'Activity', 2, 415),
(443, 'Activity', 4, 416),
(444, 'Activity', 10, 417),
(445, 'Activity', 2, 418),
(446, 'Activity', 4, 419),
(447, 'Activity', 10, 420),
(448, 'Activity', 2, 421),
(449, 'Activity', 4, 422),
(450, 'Activity', 10, 423),
(451, 'Activity', 2, 424),
(452, 'Activity', 4, 425),
(453, 'Activity', 10, 426),
(454, 'Activity', 2, 427),
(455, 'Activity', 4, 428),
(456, 'Activity', 10, 429),
(457, 'Activity', 2, 430),
(458, 'Activity', 4, 431),
(459, 'Activity', 10, 432),
(460, 'Activity', 2, 433),
(461, 'Activity', 4, 434),
(462, 'Activity', 10, 435),
(463, 'Activity', 2, 436),
(464, 'Activity', 4, 437),
(465, 'Activity', 10, 438),
(466, 'Activity', 2, 439),
(467, 'Activity', 4, 440),
(468, 'Activity', 10, 441),
(469, 'Activity', 2, 442),
(470, 'Activity', 4, 443),
(471, 'Activity', 10, 444),
(472, 'Activity', 2, 445),
(473, 'Activity', 4, 446),
(474, 'Activity', 10, 447),
(475, 'Activity', 2, 448),
(476, 'Activity', 4, 449),
(477, 'Activity', 10, 450),
(478, 'Activity', 2, 451),
(479, 'Activity', 4, 452),
(480, 'Activity', 10, 453),
(481, 'Activity', 2, 454),
(482, 'Activity', 4, 455),
(483, 'Activity', 10, 456),
(484, 'Activity', 2, 457),
(485, 'Activity', 4, 458),
(486, 'Activity', 10, 459),
(487, 'Activity', 2, 460),
(488, 'Activity', 4, 461),
(489, 'Activity', 10, 462),
(490, 'Activity', 2, 463),
(491, 'Activity', 4, 464),
(492, 'Activity', 10, 465),
(493, 'Activity', 2, 466),
(494, 'Activity', 4, 467),
(495, 'Activity', 10, 468),
(496, 'Activity', 2, 469),
(497, 'Activity', 4, 470),
(498, 'Activity', 10, 471),
(499, 'Activity', 2, 472),
(500, 'Activity', 4, 473),
(501, 'Activity', 10, 474),
(502, 'Activity', 2, 475),
(503, 'Activity', 4, 476),
(504, 'Activity', 10, 477),
(505, 'Activity', 2, 478),
(506, 'Activity', 4, 479),
(507, 'Activity', 10, 480),
(508, 'Activity', 2, 481),
(509, 'Activity', 4, 482),
(510, 'Activity', 10, 483),
(511, 'Activity', 2, 484),
(512, 'Activity', 4, 485),
(513, 'Activity', 10, 486),
(514, 'Activity', 2, 487),
(515, 'Activity', 4, 488),
(516, 'Activity', 10, 489),
(517, 'Activity', 2, 490),
(518, 'Activity', 4, 491),
(519, 'Activity', 10, 492),
(520, 'Activity', 2, 493),
(521, 'Activity', 4, 494),
(522, 'Activity', 10, 495),
(523, 'Activity', 2, 496),
(524, 'Activity', 4, 497),
(525, 'Activity', 10, 498),
(526, 'Activity', 2, 499),
(527, 'Activity', 4, 500),
(528, 'Activity', 10, 501),
(529, 'Activity', 2, 502),
(530, 'Activity', 4, 503),
(531, 'Activity', 10, 504),
(532, 'Activity', 2, 505),
(533, 'Activity', 4, 506),
(534, 'Activity', 10, 507),
(535, 'Activity', 2, 508),
(536, 'Activity', 4, 509),
(537, 'Activity', 2, 510),
(538, 'Activity', 4, 511),
(539, 'Activity', 10, 512),
(540, 'Activity', 2, 513),
(541, 'Activity', 4, 514),
(542, 'Activity', 10, 515),
(543, 'Activity', 2, 516),
(544, 'Activity', 4, 517),
(545, 'Activity', 10, 518),
(546, 'Activity', 2, 519),
(547, 'Activity', 4, 520),
(548, 'Activity', 10, 521),
(549, 'Activity', 2, 522),
(550, 'Activity', 4, 523),
(551, 'Activity', 10, 524),
(552, 'Activity', 2, 525),
(553, 'Activity', 4, 526),
(554, 'Activity', 10, 527),
(555, 'Activity', 2, 528),
(556, 'Activity', 4, 529),
(557, 'Activity', 10, 530),
(558, 'Activity', 2, 531),
(559, 'Activity', 4, 532),
(560, 'Activity', 10, 533),
(561, 'Activity', 2, 534),
(562, 'Activity', 4, 535),
(563, 'Activity', 10, 536),
(564, 'Activity', 2, 537),
(565, 'Activity', 4, 538),
(566, 'Activity', 10, 539),
(567, 'Activity', 2, 540),
(568, 'Activity', 4, 541),
(569, 'Activity', 10, 542),
(570, 'Activity', 2, 543),
(571, 'Activity', 4, 544),
(572, 'Activity', 10, 545),
(573, 'Activity', 2, 546),
(574, 'Activity', 4, 547),
(575, 'Activity', 10, 548),
(576, 'Activity', 2, 549),
(577, 'Activity', 4, 550),
(578, 'Activity', 10, 551),
(579, 'Activity', 5, 549),
(580, 'Activity', 2, 552),
(581, 'Activity', 4, 553),
(582, 'Activity', 10, 554),
(583, 'Activity', 2, 555),
(584, 'Activity', 4, 556),
(585, 'Activity', 10, 557),
(586, 'Activity', 2, 558),
(587, 'Activity', 4, 559),
(588, 'Activity', 10, 560),
(589, 'Activity', 2, 561),
(590, 'Activity', 4, 562),
(591, 'Activity', 10, 563),
(592, 'Activity', 2, 564),
(593, 'Activity', 4, 565),
(594, 'Activity', 10, 566),
(595, 'Activity', 2, 567),
(596, 'Activity', 4, 568),
(597, 'Activity', 10, 569),
(598, 'Activity', 2, 570),
(599, 'Activity', 4, 571),
(600, 'Activity', 10, 572),
(601, 'Activity', 2, 573),
(602, 'Activity', 4, 574),
(603, 'Activity', 10, 575),
(604, 'Activity', 2, 576),
(605, 'Activity', 4, 577),
(606, 'Activity', 10, 578),
(607, 'Activity', 2, 579),
(608, 'Activity', 4, 580),
(609, 'Activity', 10, 581),
(610, 'Activity', 2, 582),
(611, 'Activity', 4, 583),
(612, 'Activity', 10, 584),
(613, 'Activity', 2, 585),
(614, 'Activity', 4, 586),
(615, 'Activity', 10, 587),
(616, 'Activity', 2, 588),
(617, 'Activity', 4, 589),
(618, 'Activity', 10, 590),
(619, 'Activity', 2, 591),
(620, 'Activity', 4, 592),
(621, 'Activity', 10, 593),
(622, 'Activity', 2, 594),
(623, 'Activity', 4, 595),
(624, 'Activity', 10, 596),
(625, 'Activity', 5, 594),
(626, 'Activity', 6, 594),
(627, 'Activity', 2, 597),
(628, 'Activity', 4, 598),
(629, 'Activity', 10, 599),
(630, 'Activity', 2, 600),
(631, 'Activity', 4, 601),
(632, 'Activity', 10, 602),
(633, 'Activity', 2, 603),
(634, 'Activity', 4, 604),
(635, 'Activity', 10, 605),
(636, 'AND', 102, 613),
(637, 'Activity', 103, 613),
(638, 'Activity', 104, 613),
(639, 'AND', 102, 614),
(640, 'Activity', 103, 614),
(641, 'Activity', 104, 614),
(642, 'AND', 102, 615),
(643, 'Activity', 103, 615),
(644, 'Activity', 104, 615),
(645, 'AND', 102, 616),
(646, 'Activity', 103, 616),
(647, 'Activity', 104, 616),
(648, 'AND', 102, 617),
(649, 'Activity', 103, 617),
(650, 'Activity', 104, 617),
(651, 'AND', 105, 617),
(652, 'AND', 102, 618),
(653, 'Activity', 103, 618),
(654, 'Activity', 104, 618),
(655, 'AND', 105, 618),
(656, 'AND', 102, 619),
(657, 'Activity', 103, 619),
(658, 'Activity', 104, 619),
(659, 'AND', 105, 619),
(660, 'AND', 102, 620),
(661, 'Activity', 103, 620),
(662, 'Activity', 104, 620),
(663, 'Activity', 2, 621),
(664, 'Activity', 4, 622),
(665, 'Activity', 10, 623),
(666, 'Activity', 2, 624),
(667, 'Activity', 4, 625),
(668, 'Activity', 10, 626),
(669, 'Activity', 2, 627),
(670, 'Activity', 4, 628),
(671, 'Activity', 10, 629),
(672, 'Activity', 2, 630),
(673, 'Activity', 4, 631),
(674, 'Activity', 10, 632),
(675, 'Activity', 2, 633),
(676, 'Activity', 4, 634),
(677, 'Activity', 10, 635),
(678, 'AND', 102, 636),
(679, 'Activity', 103, 636),
(680, 'Activity', 104, 636),
(681, 'AND', 105, 636),
(682, 'AND', 102, 637),
(683, 'Activity', 103, 637),
(684, 'Activity', 104, 637),
(685, 'Activity', 2, 638),
(686, 'Activity', 4, 639),
(687, 'Activity', 10, 640),
(688, 'Activity', 2, 641),
(689, 'Activity', 4, 642),
(690, 'Activity', 10, 643),
(691, 'Activity', 2, 644),
(692, 'Activity', 4, 645),
(693, 'Activity', 10, 646),
(694, 'Activity', 2, 647),
(695, 'Activity', 4, 648),
(696, 'Activity', 10, 649),
(697, 'Activity', 2, 650),
(698, 'Activity', 4, 651),
(699, 'Activity', 10, 652),
(700, 'Activity', 2, 653),
(701, 'Activity', 4, 654),
(702, 'Activity', 10, 655),
(703, 'Activity', 5, 653),
(704, 'Activity', 4, 656),
(705, 'Activity', 6, 653),
(706, 'Activity', 2, 657),
(707, 'AND', 102, 658),
(708, 'Activity', 103, 658),
(709, 'Activity', 104, 658),
(710, 'AND', 105, 658),
(711, 'Activity', 2, 659),
(712, 'Activity', 4, 660),
(713, 'Activity', 10, 661),
(714, 'Activity', 2, 662),
(715, 'Activity', 4, 663),
(716, 'Activity', 10, 664),
(717, 'AND', 102, 665),
(718, 'Activity', 103, 665),
(719, 'Activity', 104, 665),
(720, 'AND', 105, 665),
(721, 'AND', 102, 666),
(722, 'Activity', 104, 666),
(723, 'AND', 105, 666),
(724, 'AND', 102, 667),
(725, 'Activity', 103, 667),
(726, 'Activity', 104, 667),
(727, 'AND', 105, 667),
(728, 'AND', 102, 668),
(729, 'Activity', 103, 668),
(730, 'Activity', 104, 668),
(731, 'Activity', 2, 669),
(732, 'Activity', 4, 670),
(733, 'Activity', 10, 671),
(734, 'AND', 102, 672),
(735, 'Activity', 103, 672),
(736, 'Activity', 104, 672),
(737, 'AND', 105, 672),
(738, 'AND', 102, 673),
(739, 'Activity', 103, 673),
(740, 'Activity', 104, 673),
(741, 'AND', 102, 674),
(742, 'Activity', 103, 674),
(743, 'Activity', 104, 674),
(744, 'AND', 105, 674),
(745, 'AND', 102, 675),
(746, 'Activity', 104, 675),
(747, 'AND', 102, 676),
(748, 'Activity', 103, 676),
(749, 'Activity', 104, 676),
(750, 'AND', 105, 676),
(751, 'AND', 102, 677),
(752, 'Activity', 103, 677),
(753, 'AND', 102, 678),
(754, 'Activity', 103, 678),
(755, 'Activity', 104, 678),
(756, 'AND', 105, 678),
(757, 'AND', 102, 679),
(758, 'Activity', 104, 679),
(759, 'AND', 102, 680),
(760, 'Activity', 103, 680),
(761, 'Activity', 104, 680),
(762, 'AND', 105, 680),
(763, 'AND', 105, 679),
(764, 'AND', 102, 681),
(765, 'Activity', 103, 681),
(766, 'Activity', 104, 681),
(767, 'AND', 105, 681),
(768, 'AND', 102, 682),
(769, 'Activity', 104, 682),
(770, 'AND', 105, 682),
(771, 'AND', 102, 683),
(772, 'Activity', 103, 683),
(773, 'Activity', 104, 683),
(774, 'AND', 105, 683),
(775, 'AND', 102, 684),
(776, 'Activity', 104, 684),
(777, 'AND', 102, 685),
(778, 'Activity', 103, 685),
(779, 'Activity', 104, 685),
(780, 'AND', 105, 685),
(781, 'Activity', 2, 686),
(782, 'Activity', 4, 687),
(783, 'Activity', 10, 688),
(784, 'AND', 102, 689),
(785, 'Activity', 103, 689),
(786, 'Activity', 104, 689),
(787, 'AND', 105, 689),
(788, 'AND', 102, 690),
(789, 'Activity', 103, 690),
(790, 'Activity', 104, 690),
(791, 'Activity', 2, 691),
(792, 'Activity', 4, 692),
(793, 'Activity', 10, 693),
(794, 'Activity', 2, 694),
(795, 'Activity', 4, 695),
(796, 'Activity', 10, 696),
(797, 'Activity', 2, 697),
(798, 'Activity', 4, 698),
(799, 'Activity', 10, 699),
(800, 'Activity', 10, 700),
(801, 'Activity', 2, 701),
(802, 'Activity', 4, 702),
(803, 'Activity', 10, 703),
(804, 'Activity', 2, 704),
(805, 'Activity', 4, 705),
(806, 'Activity', 10, 706),
(807, 'Activity', 5, 704),
(808, 'Activity', 4, 707),
(809, 'Activity', 6, 704),
(810, 'Activity', 2, 708),
(811, 'AND', 102, 710),
(812, 'Activity', 103, 710),
(813, 'Activity', 104, 710),
(814, 'AND', 105, 710),
(815, 'AND', 102, 711),
(816, 'Activity', 103, 711),
(817, 'Activity', 104, 711),
(818, 'AND', 102, 712),
(819, 'Activity', 103, 712),
(820, 'Activity', 104, 712),
(821, 'AND', 102, 713),
(822, 'Activity', 103, 713),
(823, 'Activity', 104, 713),
(824, 'AND', 105, 713),
(825, 'AND', 102, 1),
(826, 'Activity', 103, 1),
(827, 'Activity', 104, 1),
(828, 'Activity', 2, 1),
(829, 'Activity', 4, 1),
(830, 'Activity', 10, 1),
(831, 'AND', 102, 719),
(832, 'Activity', 103, 719),
(833, 'Activity', 104, 719),
(834, 'AND', 102, 720),
(835, 'Activity', 103, 720),
(836, 'Activity', 104, 720),
(837, 'AND', 102, 721),
(838, 'Activity', 103, 721),
(839, 'Activity', 104, 721),
(840, 'AND', 102, 722),
(841, 'Activity', 103, 722),
(842, 'Activity', 104, 722),
(843, 'AND', 102, 723),
(844, 'Activity', 103, 723),
(845, 'Activity', 104, 723),
(846, 'AND', 102, 724),
(847, 'Activity', 103, 724),
(848, 'Activity', 104, 724),
(849, 'AND', 102, 725),
(850, 'Activity', 103, 725),
(851, 'Activity', 104, 725),
(852, 'AND', 102, 726),
(853, 'Activity', 103, 726),
(854, 'Activity', 104, 726),
(855, 'AND', 102, 727),
(856, 'Activity', 103, 727),
(857, 'Activity', 104, 727),
(858, 'AND', 105, 727),
(859, 'AND', 102, 728),
(860, 'Activity', 103, 728),
(861, 'Activity', 104, 728),
(862, 'Activity', 2, 729),
(863, 'Activity', 4, 730),
(864, 'Activity', 10, 731),
(865, 'Activity', 5, 729),
(866, 'Activity', 4, 732),
(867, 'Activity', 6, 729),
(868, 'Activity', 2, 733),
(869, 'Activity', 5, 301),
(870, 'Activity', 2, 734),
(871, 'Activity', 4, 735),
(872, 'Activity', 10, 736),
(873, 'Activity', 5, 734),
(874, 'Activity', 4, 737),
(875, 'Activity', 6, 734),
(876, 'Activity', 2, 738),
(877, 'AND', 102, 739),
(878, 'Activity', 103, 739),
(879, 'Activity', 104, 739),
(880, 'AND', 105, 739),
(881, 'AND', 102, 740),
(882, 'Activity', 103, 740),
(883, 'Activity', 104, 740),
(884, 'Activity', 2, 741),
(885, 'Activity', 4, 742),
(886, 'Activity', 10, 743),
(887, 'Activity', 16, 744),
(888, 'Activity', 16, 745),
(889, 'Activity', 5, 741),
(890, 'Activity', 16, 746),
(891, 'Activity', 4, 747),
(892, 'Activity', 6, 741),
(893, 'Activity', 16, 748),
(894, 'Activity', 2, 749),
(895, 'Activity', 2, 750),
(896, 'Activity', 4, 751),
(897, 'Activity', 10, 752),
(898, 'Activity', 16, 753),
(899, 'Activity', 5, 750),
(900, 'Activity', 16, 754),
(901, 'Activity', 4, 755),
(902, 'Activity', 2, 756),
(903, 'Activity', 4, 757),
(904, 'Activity', 10, 758),
(905, 'Activity', 16, 759),
(906, 'Activity', 16, 760),
(907, 'Activity', 5, 756),
(908, 'Activity', 2, 761),
(909, 'Activity', 4, 762),
(910, 'Activity', 10, 763),
(911, 'Activity', 16, 764),
(912, 'Activity', 16, 765),
(913, 'Activity', 5, 761),
(914, 'Activity', 16, 766),
(915, 'Activity', 16, 767),
(916, 'Activity', 6, 761),
(917, 'Activity', 10, 768),
(918, 'Activity', 10, 769),
(919, 'Activity', 2, 770),
(920, 'Activity', 4, 771),
(921, 'Activity', 10, 772),
(922, 'Activity', 16, 773),
(923, 'Activity', 5, 770),
(924, 'Activity', 4, 774),
(925, 'Activity', 6, 770),
(926, 'Activity', 2, 775),
(927, 'Activity', 2, 776),
(928, 'Activity', 4, 777),
(929, 'Activity', 10, 778),
(930, 'Activity', 16, 779),
(931, 'Activity', 5, 776),
(932, 'Activity', 6, 776),
(933, 'Activity', 2, 780),
(934, 'Activity', 4, 781),
(935, 'Activity', 10, 782),
(936, 'Activity', 16, 783),
(937, 'Activity', 5, 780),
(938, 'Activity', 6, 780),
(939, 'Activity', 4, 784),
(940, 'Activity', 2, 785),
(941, 'Activity', 4, 786),
(942, 'Activity', 10, 787),
(943, 'Activity', 16, 788),
(944, 'Activity', 16, 789),
(945, 'Activity', 5, 785),
(946, 'Activity', 16, 790),
(947, 'Activity', 6, 785),
(948, 'Activity', 2, 791),
(949, 'Activity', 4, 792),
(950, 'Activity', 10, 793),
(951, 'Activity', 16, 794),
(952, 'Activity', 5, 791),
(953, 'Activity', 4, 795),
(954, 'Activity', 16, 796),
(955, 'Activity', 2, 797),
(956, 'Activity', 4, 798),
(957, 'Activity', 10, 799),
(958, 'Activity', 16, 800),
(959, 'Activity', 16, 801),
(960, 'Activity', 2, 802),
(961, 'Activity', 4, 803),
(962, 'Activity', 10, 804),
(963, 'Activity', 16, 805),
(964, 'Activity', 16, 806),
(965, 'Activity', 16, 807),
(966, 'Activity', 2, 808),
(967, 'Activity', 4, 809),
(968, 'Activity', 10, 810),
(969, 'Activity', 16, 811),
(970, 'Activity', 16, 812),
(971, 'Activity', 5, 808),
(972, 'Activity', 4, 813),
(973, 'Activity', 16, 814),
(974, 'Activity', 6, 808),
(975, 'Activity', 2, 815),
(976, 'Activity', 2, 816),
(977, 'Activity', 4, 817),
(978, 'Activity', 10, 818),
(979, 'Activity', 16, 819),
(980, 'Activity', 5, 816),
(981, 'Activity', 6, 816),
(982, 'Activity', 10, 820),
(983, 'Activity', 10, 821),
(984, 'Activity', 2, 822),
(985, 'Activity', 4, 823),
(986, 'Activity', 10, 824),
(987, 'Activity', 16, 825),
(988, 'Activity', 16, 826),
(989, 'Activity', 5, 822),
(990, 'Activity', 6, 822),
(991, 'Activity', 10, 827),
(992, 'Activity', 4, 828),
(993, 'Activity', 16, 829),
(994, 'Activity', 2, 830),
(995, 'Activity', 2, 831),
(996, 'Activity', 4, 832),
(997, 'Activity', 10, 833),
(998, 'Activity', 16, 834),
(999, 'Activity', 2, 835),
(1000, 'Activity', 4, 836),
(1001, 'Activity', 10, 837),
(1002, 'Activity', 16, 838),
(1003, 'Activity', 2, 839),
(1004, 'Activity', 4, 840),
(1005, 'Activity', 10, 841),
(1006, 'Activity', 16, 842),
(1007, 'Activity', 5, 839),
(1008, 'Activity', 19, 843),
(1009, 'Activity', 19, 844),
(1010, 'Activity', 20, 844),
(1011, 'Activity', 19, 845),
(1012, 'Activity', 19, 846),
(1013, 'Activity', 20, 846),
(1014, 'Activity', 19, 847),
(1015, 'Activity', 19, 848),
(1016, 'Activity', 20, 848),
(1017, 'Activity', 19, 849),
(1018, 'Activity', 16, 850),
(1019, 'Activity', 2, 851),
(1020, 'Activity', 4, 852),
(1021, 'Activity', 10, 853),
(1022, 'Activity', 16, 854),
(1023, 'Activity', 5, 851),
(1024, 'Activity', 6, 851),
(1025, 'Activity', 16, 855),
(1026, 'Activity', 2, 856),
(1027, 'Activity', 4, 857),
(1028, 'Activity', 10, 858),
(1029, 'Activity', 16, 859),
(1030, 'Activity', 5, 856),
(1031, 'Activity', 6, 856),
(1032, 'Activity', 4, 860),
(1033, 'Activity', 2, 861),
(1034, 'Activity', 16, 862),
(1035, 'AND', 102, 863),
(1036, 'Activity', 103, 863),
(1037, 'Activity', 104, 863),
(1038, 'AND', 102, 864),
(1039, 'Activity', 103, 864),
(1040, 'Activity', 104, 864),
(1041, 'AND', 102, 865),
(1042, 'Activity', 103, 865),
(1043, 'Activity', 104, 865),
(1044, 'AND', 102, 866),
(1045, 'Activity', 103, 866),
(1046, 'Activity', 104, 866),
(1047, 'AND', 102, 867),
(1048, 'Activity', 103, 867),
(1049, 'Activity', 104, 867),
(1050, 'AND', 102, 868),
(1051, 'Activity', 103, 868),
(1052, 'Activity', 104, 868),
(1053, 'AND', 102, 869),
(1054, 'Activity', 103, 869),
(1055, 'Activity', 104, 869),
(1056, 'AND', 105, 869),
(1057, 'AND', 102, 870),
(1058, 'Activity', 103, 870),
(1059, 'Activity', 104, 870),
(1060, 'AND', 102, 871),
(1061, 'Activity', 103, 871),
(1062, 'Activity', 104, 871),
(1063, 'AND', 105, 871),
(1064, 'AND', 102, 872),
(1065, 'Activity', 103, 872),
(1066, 'Activity', 104, 872),
(1067, 'AND', 102, 873),
(1068, 'Activity', 103, 873),
(1069, 'Activity', 104, 873),
(1070, 'AND', 105, 873),
(1071, 'AND', 102, 874),
(1072, 'Activity', 103, 874),
(1073, 'Activity', 104, 874),
(1074, 'AND', 102, 875),
(1075, 'Activity', 103, 875),
(1076, 'Activity', 104, 875),
(1077, 'AND', 105, 875),
(1078, 'AND', 102, 876),
(1079, 'Activity', 103, 876),
(1080, 'Activity', 104, 876),
(1081, 'AND', 105, 876),
(1082, 'AND', 102, 877),
(1083, 'Activity', 103, 877),
(1084, 'Activity', 104, 877),
(1085, 'AND', 105, 877),
(1086, 'AND', 102, 878),
(1087, 'Activity', 103, 878),
(1088, 'Activity', 104, 878),
(1089, 'AND', 105, 878),
(1090, 'AND', 102, 879),
(1091, 'Activity', 103, 879),
(1092, 'Activity', 104, 879),
(1093, 'Activity', 2, 880),
(1094, 'Activity', 4, 881),
(1095, 'Activity', 10, 882),
(1096, 'Activity', 16, 883),
(1097, 'Activity', 5, 880),
(1098, 'AND', 102, 884),
(1099, 'Activity', 103, 884),
(1100, 'Activity', 104, 884),
(1101, 'AND', 105, 884),
(1102, 'AND', 102, 885),
(1103, 'Activity', 103, 885),
(1104, 'Activity', 104, 885),
(1105, 'AND', 105, 885),
(1106, 'AND', 102, 886),
(1107, 'Activity', 103, 886),
(1108, 'Activity', 104, 886),
(1109, 'Activity', 2, 887),
(1110, 'Activity', 4, 888),
(1111, 'Activity', 10, 889),
(1112, 'Activity', 16, 890),
(1113, 'Activity', 5, 887),
(1114, 'Activity', 6, 887),
(1115, 'Activity', 4, 891),
(1116, 'Activity', 2, 892),
(1117, 'Activity', 4, 893),
(1118, 'Activity', 10, 894),
(1119, 'Activity', 16, 895),
(1120, 'Activity', 5, 892),
(1121, 'Activity', 6, 892),
(1122, 'AND', 102, 896),
(1123, 'Activity', 103, 896),
(1124, 'Activity', 104, 896),
(1125, 'AND', 105, 896),
(1126, 'AND', 102, 897),
(1127, 'Activity', 103, 897),
(1128, 'Activity', 104, 897),
(1129, 'AND', 105, 897),
(1130, 'AND', 102, 898),
(1131, 'Activity', 103, 898),
(1132, 'Activity', 104, 898),
(1133, 'Activity', 2, 899),
(1134, 'Activity', 4, 900),
(1135, 'Activity', 10, 901),
(1136, 'Activity', 16, 902),
(1137, 'Activity', 5, 899),
(1138, 'Activity', 6, 899),
(1139, 'AND', 102, 903),
(1140, 'Activity', 103, 903),
(1141, 'Activity', 104, 903),
(1142, 'AND', 105, 903),
(1143, 'AND', 102, 904),
(1144, 'Activity', 103, 904),
(1145, 'Activity', 104, 904),
(1146, 'AND', 105, 904),
(1147, 'AND', 102, 905),
(1148, 'Activity', 103, 905),
(1149, 'Activity', 104, 905),
(1150, 'Activity', 2, 906),
(1151, 'Activity', 4, 907),
(1152, 'Activity', 10, 908),
(1153, 'Activity', 16, 909),
(1154, 'Activity', 5, 906),
(1155, 'Activity', 6, 906),
(1156, 'Activity', 4, 910),
(1157, 'Activity', 2, 911),
(1158, 'AND', 102, 912),
(1159, 'Activity', 103, 912),
(1160, 'Activity', 104, 912),
(1161, 'AND', 105, 912),
(1162, 'AND', 102, 913),
(1163, 'Activity', 103, 913),
(1164, 'Activity', 104, 913),
(1165, 'AND', 105, 913),
(1166, 'AND', 102, 914),
(1167, 'Activity', 103, 914),
(1168, 'Activity', 104, 914),
(1169, 'Activity', 2, 915),
(1170, 'Activity', 4, 916),
(1171, 'Activity', 10, 917),
(1172, 'Activity', 16, 918),
(1173, 'Activity', 5, 915),
(1174, 'Activity', 6, 915),
(1175, 'Activity', 4, 919),
(1176, 'Activity', 2, 920),
(1177, 'AND', 102, 921),
(1178, 'Activity', 103, 921),
(1179, 'Activity', 104, 921),
(1180, 'AND', 105, 921),
(1181, 'AND', 102, 922),
(1182, 'Activity', 103, 922),
(1183, 'Activity', 104, 922),
(1184, 'AND', 105, 922),
(1185, 'AND', 102, 923),
(1186, 'Activity', 103, 923),
(1187, 'Activity', 104, 923),
(1188, 'Activity', 2, 924),
(1189, 'Activity', 4, 925),
(1190, 'Activity', 10, 926),
(1191, 'Activity', 16, 927),
(1192, 'Activity', 2, 928),
(1193, 'Activity', 4, 929),
(1194, 'Activity', 10, 930),
(1195, 'Activity', 16, 931),
(1196, 'Activity', 5, 928),
(1197, 'Activity', 6, 928),
(1198, 'AND', 102, 932),
(1199, 'Activity', 103, 932),
(1200, 'Activity', 104, 932),
(1201, 'AND', 105, 932),
(1202, 'AND', 102, 933),
(1203, 'Activity', 103, 933),
(1204, 'Activity', 104, 933),
(1205, 'AND', 105, 933),
(1206, 'AND', 102, 934),
(1207, 'Activity', 103, 934),
(1208, 'Activity', 104, 934),
(1209, 'Activity', 2, 935),
(1210, 'Activity', 4, 936),
(1211, 'Activity', 10, 937),
(1212, 'Activity', 16, 938),
(1213, 'Activity', 5, 935),
(1214, 'Activity', 6, 935),
(1215, 'AND', 102, 939),
(1216, 'Activity', 103, 939),
(1217, 'Activity', 104, 939),
(1218, 'AND', 105, 939),
(1219, 'AND', 102, 940),
(1220, 'Activity', 103, 940),
(1221, 'Activity', 104, 940),
(1222, 'AND', 105, 940),
(1223, 'AND', 102, 941),
(1224, 'Activity', 103, 941),
(1225, 'Activity', 104, 941),
(1226, 'Activity', 2, 942),
(1227, 'Activity', 4, 943),
(1228, 'Activity', 10, 944),
(1229, 'Activity', 16, 945),
(1230, 'Activity', 5, 942),
(1231, 'Activity', 6, 942),
(1232, 'Activity', 4, 946),
(1233, 'Activity', 2, 947),
(1234, 'AND', 102, 948),
(1235, 'Activity', 103, 948),
(1236, 'Activity', 104, 948),
(1237, 'AND', 105, 948),
(1238, 'AND', 102, 949),
(1239, 'Activity', 103, 949),
(1240, 'Activity', 104, 949),
(1241, 'AND', 105, 949),
(1242, 'AND', 102, 950),
(1243, 'Activity', 103, 950),
(1244, 'Activity', 104, 950),
(1245, 'Activity', 2, 951),
(1246, 'Activity', 4, 952),
(1247, 'Activity', 10, 953),
(1248, 'Activity', 16, 954),
(1249, 'Activity', 5, 951),
(1250, 'Activity', 2, 955),
(1251, 'Activity', 4, 956),
(1252, 'Activity', 10, 957),
(1253, 'Activity', 16, 958),
(1254, 'Activity', 2, 959),
(1255, 'Activity', 4, 960),
(1256, 'Activity', 10, 961),
(1257, 'Activity', 16, 962),
(1258, 'Activity', 5, 959),
(1259, 'Activity', 6, 959),
(1260, 'Activity', 4, 963),
(1261, 'Activity', 2, 964),
(1262, 'AND', 102, 965),
(1263, 'Activity', 103, 965),
(1264, 'Activity', 104, 965),
(1265, 'AND', 105, 965),
(1266, 'AND', 102, 966),
(1267, 'Activity', 103, 966),
(1268, 'Activity', 104, 966),
(1269, 'AND', 105, 966),
(1270, 'AND', 102, 967),
(1271, 'Activity', 103, 967),
(1272, 'Activity', 104, 967),
(1273, 'Activity', 2, 968),
(1274, 'Activity', 4, 969),
(1275, 'Activity', 10, 970),
(1276, 'Activity', 16, 971),
(1277, 'Activity', 5, 968),
(1278, 'Activity', 6, 968),
(1279, 'Activity', 10, 972),
(1280, 'Activity', 2, 973),
(1281, 'Activity', 4, 974),
(1282, 'Activity', 10, 975),
(1283, 'Activity', 16, 976),
(1284, 'Activity', 5, 973),
(1285, 'Activity', 6, 973),
(1286, 'Activity', 10, 977),
(1287, 'Activity', 4, 978),
(1288, 'Activity', 2, 979),
(1289, 'Activity', 4, 980),
(1290, 'Activity', 10, 981),
(1291, 'Activity', 16, 982),
(1292, 'Activity', 5, 979),
(1293, 'Activity', 6, 979),
(1294, 'Activity', 10, 983),
(1295, 'Activity', 4, 984),
(1296, 'Activity', 2, 985),
(1297, 'Activity', 4, 986),
(1298, 'Activity', 10, 987),
(1299, 'Activity', 16, 988),
(1300, 'Activity', 5, 985),
(1301, 'Activity', 6, 985),
(1302, 'Activity', 4, 989),
(1303, 'Activity', 2, 990),
(1304, 'Activity', 4, 991),
(1305, 'Activity', 10, 992),
(1306, 'Activity', 16, 993),
(1307, 'Activity', 5, 990),
(1308, 'Activity', 6, 990),
(1309, 'Activity', 4, 994),
(1310, 'Activity', 2, 995),
(1311, 'Activity', 4, 996),
(1312, 'Activity', 10, 997),
(1313, 'Activity', 16, 998),
(1314, 'Activity', 5, 995),
(1315, 'Activity', 6, 995),
(1316, 'Activity', 4, 999),
(1317, 'Activity', 2, 1000),
(1318, 'Activity', 4, 1001),
(1319, 'Activity', 10, 1002),
(1320, 'Activity', 16, 1003),
(1321, 'Activity', 5, 1000),
(1322, 'Activity', 2, 1004),
(1323, 'Activity', 4, 1005),
(1324, 'Activity', 10, 1006),
(1325, 'Activity', 16, 1007),
(1326, 'Activity', 5, 1004),
(1327, 'Activity', 6, 1004),
(1328, 'Activity', 10, 1008),
(1329, 'Activity', 4, 1009),
(1330, 'Activity', 2, 1010),
(1331, 'Activity', 4, 1011),
(1332, 'Activity', 10, 1012),
(1333, 'Activity', 16, 1013),
(1334, 'Activity', 5, 1010),
(1335, 'Activity', 6, 1010),
(1336, 'Activity', 4, 1014),
(1337, 'Activity', 2, 1015),
(1338, 'Activity', 4, 1016),
(1339, 'Activity', 10, 1017),
(1340, 'Activity', 16, 1018),
(1341, 'Activity', 5, 1015),
(1342, 'Activity', 6, 1015),
(1343, 'Activity', 10, 1019),
(1344, 'Activity', 4, 1020),
(1345, 'Activity', 2, 1021),
(1346, 'Activity', 4, 1022),
(1347, 'Activity', 10, 1023),
(1348, 'Activity', 16, 1024),
(1349, 'Activity', 5, 1021),
(1350, 'Activity', 6, 1021),
(1351, 'Activity', 2, 1025),
(1352, 'Activity', 4, 1026),
(1353, 'Activity', 10, 1027),
(1354, 'Activity', 16, 1028),
(1355, 'Activity', 5, 1025),
(1356, 'Activity', 2, 1029),
(1357, 'Activity', 4, 1030),
(1358, 'Activity', 10, 1031),
(1359, 'Activity', 16, 1032),
(1360, 'Activity', 5, 1029),
(1361, 'Activity', 6, 1029),
(1362, 'AND', 102, 1033),
(1363, 'Activity', 103, 1033),
(1364, 'Activity', 104, 1033),
(1365, 'AND', 105, 1033),
(1366, 'AND', 102, 1034),
(1367, 'Activity', 103, 1034),
(1368, 'Activity', 104, 1034),
(1369, 'AND', 105, 1034),
(1370, 'AND', 102, 1035),
(1371, 'Activity', 103, 1035),
(1372, 'Activity', 104, 1035),
(1373, 'Activity', 2, 1036),
(1374, 'Activity', 4, 1037),
(1375, 'Activity', 10, 1038),
(1376, 'Activity', 16, 1039),
(1377, 'Activity', 5, 1036),
(1378, 'Activity', 6, 1036),
(1379, 'Activity', 4, 1040),
(1380, 'Activity', 2, 1041),
(1381, 'AND', 102, 1042),
(1382, 'Activity', 103, 1042),
(1383, 'Activity', 104, 1042),
(1384, 'AND', 105, 1042),
(1385, 'AND', 102, 1043),
(1386, 'Activity', 103, 1043),
(1387, 'Activity', 104, 1043),
(1388, 'AND', 105, 1043),
(1389, 'AND', 102, 1044),
(1390, 'Activity', 103, 1044),
(1391, 'Activity', 104, 1044),
(1392, 'Activity', 2, 1045),
(1393, 'Activity', 4, 1046),
(1394, 'Activity', 10, 1047),
(1395, 'Activity', 16, 1048),
(1396, 'Activity', 5, 1045),
(1397, 'Activity', 2, 1049),
(1398, 'Activity', 4, 1050),
(1399, 'Activity', 10, 1051),
(1400, 'Activity', 16, 1052),
(1401, 'Activity', 5, 1049),
(1402, 'Activity', 4, 1053),
(1403, 'Activity', 6, 1049),
(1404, 'Activity', 2, 1054),
(1405, 'Activity', 4, 1055),
(1406, 'Activity', 10, 1056),
(1407, 'Activity', 16, 1057),
(1408, 'Activity', 5, 1054),
(1409, 'Activity', 6, 1054),
(1410, 'Activity', 2, 1058),
(1411, 'Activity', 4, 1059),
(1412, 'Activity', 10, 1060),
(1413, 'Activity', 16, 1061),
(1414, 'Activity', 5, 1058),
(1415, 'Activity', 6, 1058),
(1416, 'Activity', 4, 1062),
(1417, 'AND', 102, 1063),
(1418, 'Activity', 103, 1063),
(1419, 'Activity', 104, 1063),
(1420, 'AND', 105, 1063),
(1421, 'AND', 102, 1064),
(1422, 'Activity', 103, 1064),
(1423, 'Activity', 104, 1064),
(1424, 'AND', 105, 1064),
(1425, 'AND', 102, 1065),
(1426, 'Activity', 103, 1065),
(1427, 'Activity', 104, 1065),
(1428, 'Activity', 2, 1066),
(1429, 'Activity', 4, 1067),
(1430, 'Activity', 10, 1068),
(1431, 'Activity', 16, 1069),
(1432, 'Activity', 5, 1066),
(1433, 'Activity', 6, 1066),
(1434, 'Activity', 4, 1070),
(1435, 'Activity', 2, 1071),
(1436, 'AND', 102, 1072),
(1437, 'Activity', 103, 1072),
(1438, 'Activity', 104, 1072),
(1439, 'AND', 105, 1072),
(1440, 'AND', 102, 1073),
(1441, 'Activity', 103, 1073),
(1442, 'Activity', 104, 1073),
(1443, 'AND', 105, 1073),
(1444, 'AND', 102, 1074),
(1445, 'Activity', 103, 1074),
(1446, 'Activity', 104, 1074),
(1447, 'Activity', 2, 1075),
(1448, 'Activity', 4, 1076),
(1449, 'Activity', 10, 1077),
(1450, 'Activity', 16, 1078),
(1451, 'Activity', 5, 1075),
(1452, 'AND', 102, 1079),
(1453, 'Activity', 103, 1079),
(1454, 'Activity', 104, 1079),
(1455, 'AND', 105, 1079),
(1456, 'AND', 102, 1080),
(1457, 'Activity', 103, 1080),
(1458, 'Activity', 104, 1080),
(1459, 'AND', 105, 1080),
(1460, 'AND', 102, 1081),
(1461, 'Activity', 103, 1081),
(1462, 'Activity', 104, 1081),
(1463, 'Activity', 2, 1082),
(1464, 'Activity', 4, 1083),
(1465, 'Activity', 10, 1084),
(1466, 'Activity', 16, 1085),
(1467, 'Activity', 5, 1082),
(1468, 'Activity', 6, 1082),
(1469, 'Activity', 4, 1086),
(1470, 'Activity', 2, 1087),
(1471, 'AND', 102, 1088),
(1472, 'Activity', 103, 1088),
(1473, 'Activity', 104, 1088),
(1474, 'AND', 105, 1088),
(1475, 'AND', 102, 1089),
(1476, 'Activity', 103, 1089),
(1477, 'Activity', 104, 1089),
(1478, 'AND', 105, 1089),
(1479, 'AND', 102, 1090),
(1480, 'Activity', 103, 1090),
(1481, 'Activity', 104, 1090),
(1482, 'Activity', 2, 1091),
(1483, 'Activity', 4, 1092),
(1484, 'Activity', 10, 1093),
(1485, 'Activity', 16, 1094),
(1486, 'Activity', 5, 1091),
(1487, 'Activity', 6, 1091),
(1488, 'AND', 102, 1095),
(1489, 'Activity', 103, 1095),
(1490, 'Activity', 104, 1095),
(1491, 'AND', 105, 1095),
(1492, 'AND', 102, 1096),
(1493, 'Activity', 103, 1096),
(1494, 'Activity', 104, 1096),
(1495, 'AND', 105, 1096),
(1496, 'AND', 102, 1097),
(1497, 'Activity', 103, 1097),
(1498, 'Activity', 104, 1097),
(1499, 'Activity', 2, 1098),
(1500, 'Activity', 4, 1099),
(1501, 'Activity', 10, 1100),
(1502, 'Activity', 16, 1101),
(1503, 'Activity', 5, 1098),
(1504, 'Activity', 6, 1098),
(1505, 'Activity', 4, 1102),
(1506, 'Activity', 2, 1103),
(1507, 'AND', 102, 1104),
(1508, 'Activity', 103, 1104),
(1509, 'Activity', 104, 1104),
(1510, 'AND', 105, 1104),
(1511, 'AND', 102, 1105),
(1512, 'Activity', 103, 1105),
(1513, 'Activity', 104, 1105),
(1514, 'AND', 105, 1105),
(1515, 'AND', 102, 1106),
(1516, 'Activity', 103, 1106),
(1517, 'Activity', 104, 1106),
(1518, 'Activity', 2, 1107),
(1519, 'Activity', 4, 1108),
(1520, 'Activity', 10, 1109),
(1521, 'Activity', 16, 1110),
(1522, 'Activity', 5, 1107),
(1523, 'Activity', 6, 1107),
(1524, 'Activity', 4, 1111),
(1525, 'Activity', 2, 1112),
(1526, 'AND', 102, 1113),
(1527, 'Activity', 103, 1113),
(1528, 'Activity', 104, 1113),
(1529, 'AND', 105, 1113),
(1530, 'AND', 102, 1114),
(1531, 'Activity', 103, 1114),
(1532, 'Activity', 104, 1114),
(1533, 'AND', 105, 1114),
(1534, 'AND', 102, 1115),
(1535, 'Activity', 103, 1115),
(1536, 'Activity', 104, 1115),
(1537, 'Activity', 2, 1116),
(1538, 'Activity', 4, 1117),
(1539, 'Activity', 10, 1118),
(1540, 'Activity', 16, 1119),
(1541, 'Activity', 5, 1116),
(1542, 'Activity', 6, 1116),
(1543, 'Activity', 4, 1120),
(1544, 'Activity', 2, 1121),
(1545, 'AND', 102, 1122),
(1546, 'Activity', 103, 1122),
(1547, 'Activity', 104, 1122),
(1548, 'AND', 105, 1122),
(1549, 'AND', 102, 1123),
(1550, 'Activity', 103, 1123),
(1551, 'Activity', 104, 1123),
(1552, 'AND', 105, 1123),
(1553, 'AND', 102, 1124),
(1554, 'Activity', 103, 1124),
(1555, 'Activity', 104, 1124),
(1556, 'Activity', 2, 1125),
(1557, 'Activity', 4, 1126),
(1558, 'Activity', 10, 1127),
(1559, 'Activity', 16, 1128),
(1560, 'Activity', 5, 1125),
(1561, 'Activity', 6, 1125),
(1562, 'Activity', 4, 1129),
(1563, 'Activity', 2, 1130),
(1564, 'AND', 102, 1131),
(1565, 'Activity', 103, 1131),
(1566, 'Activity', 104, 1131),
(1567, 'AND', 105, 1131),
(1568, 'AND', 102, 1132),
(1569, 'Activity', 103, 1132),
(1570, 'Activity', 104, 1132),
(1571, 'AND', 105, 1132),
(1572, 'AND', 102, 1133),
(1573, 'Activity', 103, 1133),
(1574, 'Activity', 104, 1133),
(1575, 'Activity', 2, 1134),
(1576, 'Activity', 4, 1135),
(1577, 'Activity', 10, 1136),
(1578, 'Activity', 16, 1137),
(1579, 'Activity', 5, 1134),
(1580, 'Activity', 6, 1134),
(1581, 'Activity', 4, 1138),
(1582, 'Activity', 2, 1139),
(1583, 'AND', 102, 1140),
(1584, 'Activity', 103, 1140),
(1585, 'Activity', 104, 1140),
(1586, 'AND', 105, 1140),
(1587, 'AND', 102, 1141),
(1588, 'Activity', 103, 1141),
(1589, 'Activity', 104, 1141),
(1590, 'AND', 105, 1141),
(1591, 'AND', 102, 1142),
(1592, 'Activity', 103, 1142),
(1593, 'Activity', 104, 1142),
(1594, 'Activity', 2, 1143),
(1595, 'Activity', 4, 1144),
(1596, 'Activity', 10, 1145),
(1597, 'Activity', 16, 1146),
(1598, 'Activity', 5, 1143),
(1599, 'Activity', 6, 1143),
(1600, 'Activity', 4, 1147),
(1601, 'Activity', 2, 1148),
(1602, 'Activity', 4, 1149),
(1603, 'Activity', 10, 1150),
(1604, 'Activity', 16, 1151),
(1605, 'Activity', 5, 1148),
(1606, 'Activity', 4, 1152),
(1607, 'Activity', 6, 1148),
(1608, 'Activity', 2, 1153),
(1609, 'Activity', 16, 1154),
(1610, 'Activity', 16, 1155),
(1611, 'Activity', 16, 1156),
(1612, 'Activity', 16, 1157),
(1613, 'Activity', 16, 1158),
(1614, 'Activity', 16, 1159),
(1615, 'Activity', 16, 1160),
(1616, 'Activity', 16, 1161),
(1617, 'Activity', 16, 1162),
(1618, 'Activity', 2, 1163),
(1619, 'Activity', 4, 1164),
(1620, 'Activity', 10, 1165),
(1621, 'Activity', 16, 1166),
(1622, 'Activity', 5, 1163),
(1623, 'Activity', 6, 1163),
(1624, 'Activity', 2, 1167),
(1625, 'Activity', 4, 1168),
(1626, 'Activity', 10, 1169),
(1627, 'Activity', 16, 1170),
(1628, 'Activity', 2, 1171),
(1629, 'Activity', 4, 1172),
(1630, 'Activity', 10, 1173),
(1631, 'Activity', 16, 1174),
(1632, 'Activity', 5, 1171),
(1633, 'Activity', 6, 1171),
(1634, 'Activity', 2, 1175),
(1635, 'Activity', 4, 1176),
(1636, 'Activity', 10, 1177),
(1637, 'Activity', 16, 1178),
(1638, 'Activity', 5, 1175),
(1639, 'Activity', 6, 1175),
(1640, 'Activity', 4, 1179),
(1641, 'Activity', 2, 1180),
(1642, 'AND', 102, 1181),
(1643, 'Activity', 103, 1181),
(1644, 'Activity', 104, 1181),
(1645, 'AND', 105, 1181),
(1646, 'AND', 102, 1182),
(1647, 'Activity', 103, 1182),
(1648, 'Activity', 104, 1182),
(1649, 'AND', 105, 1182),
(1650, 'AND', 102, 1183),
(1651, 'Activity', 103, 1183),
(1652, 'Activity', 104, 1183),
(1653, 'Activity', 5, 1167),
(1654, 'Activity', 2, 1184),
(1655, 'Activity', 4, 1185),
(1656, 'Activity', 10, 1186),
(1657, 'Activity', 16, 1187),
(1658, 'Activity', 5, 1184),
(1659, 'Activity', 6, 1184),
(1660, 'Activity', 2, 1188),
(1661, 'Activity', 4, 1189),
(1662, 'Activity', 10, 1190),
(1663, 'Activity', 16, 1191),
(1664, 'Activity', 5, 1188),
(1665, 'Activity', 6, 1188),
(1666, 'Activity', 2, 1192),
(1667, 'Activity', 4, 1193),
(1668, 'Activity', 10, 1194),
(1669, 'Activity', 16, 1195),
(1670, 'Activity', 5, 1192),
(1671, 'Activity', 6, 1192),
(1672, 'Activity', 2, 1196),
(1673, 'Activity', 4, 1197),
(1674, 'Activity', 10, 1198),
(1675, 'Activity', 16, 1199),
(1676, 'Activity', 5, 1196),
(1677, 'Activity', 6, 1196),
(1678, 'Activity', 2, 1200),
(1679, 'Activity', 4, 1201),
(1680, 'Activity', 10, 1202),
(1681, 'Activity', 16, 1203),
(1682, 'Activity', 5, 1200),
(1683, 'Activity', 6, 1200),
(1684, 'Activity', 4, 1204),
(1685, 'Activity', 2, 1205),
(1686, 'AND', 102, 1206),
(1687, 'Activity', 103, 1206),
(1688, 'Activity', 104, 1206),
(1689, 'AND', 105, 1206),
(1690, 'AND', 102, 1207),
(1691, 'Activity', 103, 1207),
(1692, 'Activity', 104, 1207),
(1693, 'AND', 105, 1207),
(1694, 'AND', 102, 1208),
(1695, 'Activity', 103, 1208),
(1696, 'Activity', 104, 1208),
(1697, 'Activity', 109, 1209),
(1698, 'Activity', 112, 1210),
(1699, 'Activity', 114, 1211),
(1700, 'Activity', 119, 1212),
(1701, 'Activity', 119, 1213),
(1702, 'Activity', 119, 1214),
(1703, 'Activity', 120, 1215),
(1704, 'Activity', 120, 1216),
(1705, 'Activity', 125, 1217),
(1706, 'Activity', 128, 1218),
(1707, 'Activity', 130, 1219),
(1708, 'Activity', 126, 1217),
(1709, 'Activity', 125, 1220),
(1710, 'Activity', 128, 1221),
(1711, 'Activity', 126, 1220),
(1712, 'Activity', 130, 1222),
(1713, 'Activity', 125, 1223),
(1714, 'Activity', 128, 1224),
(1715, 'Activity', 130, 1225),
(1716, 'Activity', 126, 1223),
(1717, 'Activity', 2, 1226),
(1718, 'Activity', 4, 1227),
(1719, 'Activity', 10, 1228),
(1720, 'Activity', 16, 1229),
(1721, 'Activity', 5, 1226),
(1722, 'Activity', 6, 1226),
(1723, 'Activity', 4, 1230),
(1724, 'Activity', 2, 1231),
(1725, 'AND', 102, 1232),
(1726, 'Activity', 103, 1232),
(1727, 'Activity', 104, 1232),
(1728, 'AND', 105, 1232),
(1729, 'AND', 102, 1233),
(1730, 'Activity', 103, 1233),
(1731, 'Activity', 104, 1233),
(1732, 'AND', 105, 1233),
(1733, 'AND', 102, 1234),
(1734, 'Activity', 103, 1234),
(1735, 'Activity', 104, 1234),
(1736, 'Activity', 125, 1235),
(1737, 'Activity', 128, 1236),
(1738, 'Activity', 130, 1237),
(1739, 'Activity', 126, 1235),
(1740, 'Activity', 125, 1238),
(1741, 'Activity', 128, 1239),
(1742, 'Activity', 2, 1240),
(1743, 'Activity', 4, 1241),
(1744, 'Activity', 10, 1242),
(1745, 'Activity', 16, 1243),
(1746, 'Activity', 5, 1240),
(1747, 'Activity', 6, 1240),
(1748, 'Activity', 4, 1244),
(1749, 'Activity', 2, 1245),
(1750, 'AND', 102, 1246),
(1751, 'Activity', 103, 1246),
(1752, 'Activity', 104, 1246),
(1753, 'AND', 105, 1246),
(1754, 'AND', 102, 1247),
(1755, 'Activity', 103, 1247),
(1756, 'Activity', 104, 1247),
(1757, 'AND', 105, 1247),
(1758, 'AND', 102, 1248),
(1759, 'Activity', 103, 1248),
(1760, 'Activity', 104, 1248),
(1761, 'Activity', 125, 1249),
(1762, 'Activity', 128, 1250),
(1763, 'Activity', 130, 1251),
(1764, 'Activity', 126, 1249),
(1765, 'Activity', 125, 1252),
(1766, 'Activity', 128, 1253),
(1767, 'Activity', 126, 1252),
(1768, 'Activity', 120, 1254),
(1769, 'Activity', 125, 1255),
(1770, 'Activity', 128, 1256),
(1771, 'Activity', 130, 1257),
(1772, 'Activity', 126, 1255),
(1773, 'Activity', 130, 1258),
(1774, 'Activity', 2, 1259),
(1775, 'Activity', 4, 1260),
(1776, 'Activity', 10, 1261),
(1777, 'Activity', 16, 1262),
(1778, 'Activity', 5, 1259),
(1779, 'Activity', 6, 1259),
(1780, 'Activity', 4, 1263),
(1781, 'Activity', 2, 1264),
(1782, 'AND', 102, 1265),
(1783, 'Activity', 103, 1265),
(1784, 'Activity', 104, 1265),
(1785, 'AND', 105, 1265),
(1786, 'AND', 102, 1266),
(1787, 'Activity', 103, 1266),
(1788, 'Activity', 104, 1266),
(1789, 'AND', 105, 1266),
(1790, 'AND', 102, 1267),
(1791, 'Activity', 103, 1267),
(1792, 'Activity', 104, 1267),
(1793, 'Activity', 125, 1268),
(1794, 'Activity', 128, 1269),
(1795, 'Activity', 130, 1270),
(1796, 'Activity', 126, 1268),
(1797, 'Activity', 125, 1271),
(1798, 'Activity', 128, 1272),
(1799, 'Activity', 126, 1271),
(1800, 'Activity', 130, 1273);

-- --------------------------------------------------------

--
-- Tabellenstruktur für Tabelle `dataattribute`
--

CREATE TABLE IF NOT EXISTS `dataattribute` (
`ID` int(11) NOT NULL,
  `name` varchar(256) NOT NULL,
  `value` varchar(1024) NOT NULL,
  `type` varchar(256) NOT NULL,
  `default` varchar(1024) NOT NULL,
  `dataclass_id` int(11) NOT NULL
) ENGINE=InnoDB DEFAULT CHARSET=latin1 AUTO_INCREMENT=1 ;

-- --------------------------------------------------------

--
-- Tabellenstruktur für Tabelle `dataattributeinstance`
--

CREATE TABLE IF NOT EXISTS `dataattributeinstance` (
`id` int(11) NOT NULL,
  `value` varchar(1024) NOT NULL,
  `dataattribute_id` int(11) NOT NULL,
  `dataobjectinstance_id` int(11) NOT NULL
) ENGINE=InnoDB DEFAULT CHARSET=latin1 AUTO_INCREMENT=1 ;

-- --------------------------------------------------------

--
-- Tabellenstruktur für Tabelle `dataclass`
--

CREATE TABLE IF NOT EXISTS `dataclass` (
`id` int(11) NOT NULL,
  `name` varchar(512) NOT NULL
) ENGINE=InnoDB  DEFAULT CHARSET=latin1 AUTO_INCREMENT=6 ;

--
-- Daten für Tabelle `dataclass`
--

INSERT INTO `dataclass` (`id`, `name`) VALUES
(1, 'obejct1'),
(2, 'object2'),
(3, 'A'),
(4, 'A'),
(5, 'A');

-- --------------------------------------------------------

--
-- Tabellenstruktur für Tabelle `dataflow`
--

CREATE TABLE IF NOT EXISTS `dataflow` (
  `controlnode_id` int(11) NOT NULL,
  `dataset_id` int(11) NOT NULL,
  `input` tinyint(1) NOT NULL
) ENGINE=InnoDB DEFAULT CHARSET=latin1;

--
-- Daten für Tabelle `dataflow`
--

INSERT INTO `dataflow` (`controlnode_id`, `dataset_id`, `input`) VALUES
(2, 1, 1),
(2, 5, 0),
(4, 2, 1),
(4, 6, 0),
(5, 8, 0),
(6, 3, 1),
(6, 7, 0),
(7, 4, 1),
(10, 9, 1),
(12, 10, 1),
(12, 11, 1),
(13, 12, 0),
(13, 13, 0),
(109, 14, 1),
(109, 16, 0),
(110, 15, 1),
(110, 17, 0),
(112, 18, 1),
(112, 19, 0),
(114, 20, 1),
(114, 21, 0),
(120, 22, 1),
(125, 23, 1),
(125, 25, 0),
(126, 24, 1),
(126, 26, 0),
(128, 27, 1),
(128, 28, 0),
(130, 29, 1),
(130, 30, 0);

-- --------------------------------------------------------

--
-- Tabellenstruktur für Tabelle `datanode`
--

CREATE TABLE IF NOT EXISTS `datanode` (
`id` int(11) NOT NULL,
  `scenario_id` int(11) NOT NULL,
  `state_id` int(11) NOT NULL,
  `dataclass_id` int(11) NOT NULL,
  `dataobject_id` int(11) NOT NULL
) ENGINE=InnoDB  DEFAULT CHARSET=latin1 AUTO_INCREMENT=29 ;

--
-- Daten für Tabelle `datanode`
--

INSERT INTO `datanode` (`id`, `scenario_id`, `state_id`, `dataclass_id`, `dataobject_id`) VALUES
(1, 1, 1, 1, 1),
(2, 1, 2, 1, 1),
(3, 1, 2, 1, 1),
(4, 1, 3, 1, 1),
(5, 1, 3, 1, 1),
(6, 1, 4, 1, 1),
(7, 1, 5, 2, 2),
(8, 1, 6, 2, 2),
(9, 1, 2, 1, 1),
(10, 1, 6, 2, 2),
(11, 101, 2, 1, 3),
(12, 101, 3, 2, 4),
(13, 101, 2, 1, 3),
(14, 102, 7, 3, 7),
(15, 102, 8, 3, 7),
(16, 102, 9, 3, 7),
(17, 102, 7, 3, 7),
(18, 102, 9, 3, 7),
(19, 102, 10, 3, 7),
(20, 102, 8, 3, 7),
(21, 104, 11, 4, 11),
(22, 105, 12, 5, 7),
(23, 105, 13, 5, 7),
(24, 105, 14, 5, 7),
(25, 105, 12, 5, 7),
(26, 105, 14, 5, 7),
(27, 105, 15, 5, 7),
(28, 105, 13, 5, 7);

-- --------------------------------------------------------

--
-- Tabellenstruktur für Tabelle `dataobject`
--

CREATE TABLE IF NOT EXISTS `dataobject` (
`id` int(11) NOT NULL,
  `name` varchar(256) NOT NULL,
  `dataclass_id` int(11) NOT NULL,
  `scenario_id` int(11) NOT NULL,
  `start_state_id` int(11) NOT NULL
) ENGINE=InnoDB  DEFAULT CHARSET=latin1 AUTO_INCREMENT=8 ;

--
-- Daten für Tabelle `dataobject`
--

INSERT INTO `dataobject` (`id`, `name`, `dataclass_id`, `scenario_id`, `start_state_id`) VALUES
(1, 'object1', 1, 1, 1),
(2, 'object2', 2, 1, 5),
(3, 'test1', 1, 101, 1),
(4, 'test2', 2, 101, 3),
(5, 'A', 3, 102, 7),
(6, 'A', 4, 104, 11),
(7, 'A', 5, 105, 12);

-- --------------------------------------------------------

--
-- Tabellenstruktur für Tabelle `dataobjectinstance`
--

CREATE TABLE IF NOT EXISTS `dataobjectinstance` (
`id` int(11) NOT NULL,
  `scenarioinstance_id` int(11) NOT NULL,
  `state_id` int(11) NOT NULL,
  `dataobject_id` int(11) NOT NULL,
  `onchange` tinyint(1) NOT NULL DEFAULT '0'
) ENGINE=InnoDB  DEFAULT CHARSET=latin1 AUTO_INCREMENT=327 ;

--
-- Daten für Tabelle `dataobjectinstance`
--

INSERT INTO `dataobjectinstance` (`id`, `scenarioinstance_id`, `state_id`, `dataobject_id`, `onchange`) VALUES
(7, 62, 1, 1, 0),
(8, 62, 5, 2, 0),
(9, 63, 1, 1, 0),
(10, 63, 5, 2, 0),
(11, 64, 1, 1, 0),
(12, 64, 5, 2, 0),
(13, 65, 1, 1, 0),
(14, 65, 5, 2, 0),
(15, 66, 1, 1, 0),
(16, 66, 5, 2, 0),
(17, 67, 1, 1, 0),
(18, 67, 5, 2, 0),
(19, 68, 1, 1, 0),
(20, 68, 5, 2, 0),
(21, 69, 1, 1, 0),
(22, 69, 5, 2, 0),
(23, 70, 2, 1, 0),
(24, 0, 5, 2, 0),
(25, 71, 1, 1, 0),
(26, 71, 5, 2, 0),
(27, 72, 1, 1, 0),
(28, 72, 5, 2, 0),
(29, 73, 1, 1, 0),
(30, 73, 5, 2, 0),
(31, 74, 1, 1, 0),
(32, 74, 5, 2, 0),
(33, 75, 1, 1, 0),
(34, 75, 5, 2, 0),
(35, 76, 1, 1, 0),
(36, 76, 5, 2, 0),
(37, 77, 1, 1, 0),
(38, 77, 5, 2, 0),
(39, 78, 3, 1, 0),
(40, 78, 6, 2, 0),
(41, 79, 4, 1, 0),
(42, 79, 6, 2, 0),
(43, 80, 4, 1, 0),
(44, 80, 6, 2, 0),
(45, 81, 1, 1, 0),
(46, 81, 5, 2, 0),
(47, 82, 3, 1, 0),
(48, 82, 5, 2, 0),
(49, 83, 2, 1, 0),
(50, 83, 6, 2, 0),
(51, 84, 2, 1, 0),
(52, 84, 5, 2, 0),
(53, 95, 2, 1, 0),
(54, 95, 6, 2, 0),
(55, 103, 1, 1, 0),
(56, 103, 5, 2, 0),
(57, 193, 1, 1, 0),
(58, 193, 5, 2, 0),
(59, 195, 1, 1, 0),
(60, 195, 5, 2, 0),
(61, 197, 1, 1, 0),
(62, 197, 5, 2, 0),
(63, 199, 1, 1, 0),
(64, 199, 5, 2, 0),
(65, 201, 1, 1, 0),
(66, 201, 5, 2, 0),
(67, 202, 1, 1, 0),
(68, 202, 5, 2, 0),
(69, 203, 1, 1, 0),
(70, 203, 5, 2, 0),
(71, 204, 1, 1, 0),
(72, 204, 5, 2, 0),
(73, 205, 1, 1, 0),
(74, 205, 5, 2, 0),
(75, 206, 2, 1, 0),
(76, 206, 5, 2, 0),
(77, 207, 1, 1, 0),
(78, 207, 5, 2, 0),
(79, 208, 1, 1, 0),
(80, 208, 5, 2, 0),
(81, 209, 1, 1, 0),
(82, 209, 5, 2, 0),
(83, 210, 1, 1, 0),
(84, 210, 5, 2, 0),
(85, 212, 1, 1, 0),
(86, 212, 5, 2, 0),
(87, 214, 1, 1, 0),
(88, 214, 5, 2, 0),
(89, 215, 1, 1, 0),
(90, 215, 5, 2, 0),
(91, 216, 1, 1, 0),
(92, 216, 5, 2, 0),
(93, 217, 1, 1, 0),
(94, 217, 5, 2, 0),
(95, 218, 1, 1, 0),
(96, 218, 5, 2, 0),
(97, 219, 1, 1, 0),
(98, 219, 5, 2, 0),
(99, 220, 1, 1, 0),
(100, 220, 5, 2, 0),
(101, 221, 1, 1, 0),
(102, 221, 5, 2, 0),
(103, 222, 1, 1, 0),
(104, 222, 5, 2, 0),
(105, 223, 2, 1, 0),
(106, 223, 6, 2, 0),
(107, 224, 1, 1, 0),
(108, 224, 5, 2, 0),
(109, 226, 1, 1, 0),
(110, 226, 5, 2, 0),
(111, 228, 1, 1, 0),
(112, 228, 5, 2, 0),
(113, 244, 1, 1, 0),
(114, 244, 5, 2, 0),
(115, 246, 1, 1, 0),
(116, 246, 5, 2, 0),
(117, 248, 1, 1, 0),
(118, 248, 5, 2, 0),
(119, 250, 1, 1, 0),
(120, 250, 5, 2, 0),
(121, 252, 1, 1, 0),
(122, 252, 5, 2, 0),
(123, 255, 1, 1, 0),
(124, 255, 5, 2, 0),
(125, 257, 1, 1, 0),
(126, 257, 5, 2, 0),
(127, 259, 1, 1, 0),
(128, 259, 5, 2, 0),
(129, 261, 1, 1, 0),
(130, 261, 5, 2, 0),
(131, 262, 1, 1, 0),
(132, 262, 5, 2, 0),
(133, 263, 4, 1, 0),
(134, 263, 6, 2, 0),
(135, 265, 1, 1, 0),
(136, 265, 5, 2, 0),
(137, 266, 1, 1, 0),
(138, 266, 5, 2, 0),
(139, 270, 1, 1, 0),
(140, 270, 5, 2, 0),
(141, 279, 1, 1, 0),
(142, 279, 5, 2, 0),
(143, 281, 1, 1, 0),
(144, 281, 5, 2, 0),
(145, 282, 1, 1, 0),
(146, 282, 5, 2, 0),
(147, 284, 1, 1, 0),
(148, 284, 5, 2, 0),
(149, 47, 1, 1, 0),
(150, 47, 5, 2, 0),
(151, 94, 1, 1, 0),
(152, 94, 5, 2, 0),
(153, 285, 1, 1, 0),
(154, 285, 5, 2, 0),
(155, 286, 4, 1, 0),
(156, 286, 6, 2, 0),
(157, 1, 1, 1, 0),
(158, 1, 5, 2, 0),
(159, 309, 4, 1, 0),
(160, 309, 6, 2, 0),
(161, 123, 2, 1, 0),
(162, 123, 5, 2, 0),
(163, 310, 4, 1, 0),
(164, 310, 6, 2, 0),
(165, 312, 4, 1, 0),
(166, 312, 6, 2, 0),
(167, 313, 3, 1, 0),
(168, 313, 5, 2, 0),
(169, 314, 2, 1, 0),
(170, 314, 5, 2, 0),
(171, 315, 2, 1, 0),
(172, 315, 6, 2, 0),
(173, 316, 4, 1, 0),
(174, 316, 6, 2, 0),
(175, 317, 2, 1, 0),
(176, 317, 6, 2, 0),
(177, 318, 3, 1, 0),
(178, 318, 6, 2, 0),
(179, 319, 2, 1, 0),
(180, 319, 6, 2, 0),
(181, 320, 3, 1, 0),
(182, 320, 5, 2, 0),
(183, 321, 1, 1, 0),
(184, 321, 5, 2, 0),
(185, 322, 1, 1, 0),
(186, 322, 5, 2, 0),
(187, 323, 4, 1, 0),
(188, 323, 6, 2, 0),
(189, 324, 2, 1, 0),
(190, 324, 6, 2, 0),
(191, 325, 4, 1, 0),
(192, 325, 6, 2, 0),
(193, 326, 3, 1, 0),
(194, 326, 5, 2, 0),
(195, 327, 3, 1, 0),
(196, 327, 5, 2, 0),
(197, 328, 2, 1, 0),
(198, 328, 5, 2, 0),
(199, 333, 2, 1, 0),
(200, 333, 6, 2, 0),
(201, 334, 4, 1, 0),
(202, 334, 6, 2, 0),
(203, 346, 2, 1, 0),
(204, 346, 5, 2, 0),
(205, 348, 3, 1, 0),
(206, 348, 6, 2, 0),
(207, 349, 2, 1, 0),
(208, 349, 6, 2, 0),
(209, 351, 2, 1, 0),
(210, 351, 6, 2, 0),
(211, 353, 4, 1, 0),
(212, 353, 6, 2, 0),
(213, 356, 4, 1, 0),
(214, 356, 6, 2, 0),
(215, 358, 1, 1, 0),
(216, 358, 5, 2, 0),
(217, 359, 2, 1, 0),
(218, 359, 6, 2, 0),
(219, 361, 2, 1, 0),
(220, 361, 6, 2, 0),
(221, 363, 4, 1, 0),
(222, 363, 6, 2, 0),
(223, 365, 2, 1, 0),
(224, 365, 5, 2, 0),
(225, 366, 1, 1, 0),
(226, 366, 5, 2, 0),
(227, 367, 4, 1, 0),
(228, 367, 6, 2, 0),
(229, 369, 2, 1, 0),
(230, 369, 6, 2, 0),
(231, 370, 3, 1, 0),
(232, 370, 6, 2, 0),
(233, 371, 3, 1, 0),
(234, 371, 6, 2, 0),
(235, 372, 3, 1, 0),
(236, 372, 6, 2, 0),
(237, 373, 3, 1, 0),
(238, 373, 6, 2, 0),
(239, 374, 3, 1, 0),
(240, 374, 6, 2, 0),
(241, 375, 2, 1, 0),
(242, 375, 5, 2, 0),
(243, 376, 3, 1, 0),
(244, 376, 6, 2, 0),
(245, 377, 3, 1, 0),
(246, 377, 6, 2, 0),
(247, 378, 3, 1, 0),
(248, 378, 6, 2, 0),
(249, 379, 2, 1, 0),
(250, 379, 6, 2, 0),
(251, 380, 2, 1, 0),
(252, 380, 5, 2, 0),
(253, 381, 2, 1, 1),
(254, 381, 6, 2, 0),
(255, 383, 4, 1, 0),
(256, 383, 6, 2, 0),
(257, 385, 2, 1, 1),
(258, 385, 5, 2, 0),
(259, 386, 3, 1, 0),
(260, 386, 6, 2, 0),
(261, 387, 2, 1, 1),
(262, 387, 6, 2, 0),
(263, 388, 3, 1, 0),
(264, 388, 6, 2, 0),
(265, 390, 4, 1, 0),
(266, 390, 6, 2, 0),
(267, 392, 2, 1, 0),
(268, 392, 5, 2, 1),
(269, 394, 4, 1, 0),
(270, 394, 6, 2, 0),
(271, 396, 2, 1, 0),
(272, 396, 6, 2, 0),
(273, 398, 4, 1, 0),
(274, 398, 6, 2, 0),
(275, 400, 4, 1, 0),
(276, 400, 6, 2, 0),
(277, 402, 4, 1, 0),
(278, 402, 6, 2, 0),
(279, 404, 4, 1, 0),
(280, 404, 6, 2, 0),
(281, 406, 4, 1, 0),
(282, 406, 6, 2, 0),
(283, 408, 3, 1, 0),
(284, 408, 6, 2, 0),
(285, 409, 4, 1, 0),
(286, 409, 6, 2, 0),
(287, 410, 2, 1, 0),
(288, 410, 6, 2, 0),
(289, 411, 2, 1, 0),
(290, 411, 5, 2, 0),
(291, 412, 2, 1, 0),
(292, 412, 6, 2, 0),
(293, 413, 4, 1, 0),
(294, 413, 6, 2, 0),
(295, 415, 2, 1, 0),
(296, 415, 6, 2, 0),
(297, 416, 2, 1, 0),
(298, 416, 6, 2, 0),
(299, 417, 2, 1, 0),
(300, 417, 6, 2, 0),
(301, 418, 1, 1, 0),
(302, 418, 5, 2, 0),
(303, 419, 1, 1, 0),
(304, 419, 5, 2, 0),
(305, 420, 1, 1, 0),
(306, 420, 5, 2, 0),
(307, 421, 2, 1, 0),
(308, 421, 6, 2, 0),
(309, 422, 4, 1, 0),
(310, 422, 6, 2, 0),
(311, 424, 7, 5, 0),
(312, 426, 11, 6, 0),
(313, 427, 11, 6, 0),
(314, 428, 15, 7, 0),
(315, 429, 12, 7, 0),
(316, 430, 4, 1, 0),
(317, 430, 6, 2, 0),
(318, 432, 13, 7, 0),
(319, 433, 4, 1, 0),
(320, 433, 6, 2, 0),
(321, 435, 13, 7, 0),
(322, 436, 11, 6, 0),
(323, 437, 15, 7, 0),
(324, 438, 4, 1, 0),
(325, 438, 6, 2, 0),
(326, 440, 15, 7, 0);

-- --------------------------------------------------------

--
-- Tabellenstruktur für Tabelle `dataset`
--

CREATE TABLE IF NOT EXISTS `dataset` (
`id` int(11) NOT NULL,
  `input` tinyint(1) NOT NULL
) ENGINE=InnoDB  DEFAULT CHARSET=latin1 AUTO_INCREMENT=31 ;

--
-- Daten für Tabelle `dataset`
--

INSERT INTO `dataset` (`id`, `input`) VALUES
(1, 1),
(2, 1),
(3, 1),
(4, 1),
(5, 0),
(6, 0),
(7, 0),
(8, 0),
(9, 1),
(10, 1),
(11, 1),
(12, 0),
(13, 0),
(14, 1),
(15, 1),
(16, 0),
(17, 0),
(18, 1),
(19, 0),
(20, 1),
(21, 0),
(22, 1),
(23, 1),
(24, 1),
(25, 0),
(26, 0),
(27, 1),
(28, 0),
(29, 1),
(30, 0);

-- --------------------------------------------------------

--
-- Tabellenstruktur für Tabelle `datasetconsistsofdatanode`
--

CREATE TABLE IF NOT EXISTS `datasetconsistsofdatanode` (
  `dataset_id` int(11) NOT NULL,
  `datanode_id` int(11) NOT NULL
) ENGINE=InnoDB DEFAULT CHARSET=latin1;

--
-- Daten für Tabelle `datasetconsistsofdatanode`
--

INSERT INTO `datasetconsistsofdatanode` (`dataset_id`, `datanode_id`) VALUES
(1, 1),
(2, 3),
(3, 5),
(4, 7),
(5, 2),
(6, 4),
(7, 6),
(8, 8),
(9, 9),
(9, 10),
(11, 11),
(11, 12),
(13, 13),
(14, 14),
(15, 15),
(16, 15),
(17, 16),
(18, 18),
(19, 17),
(20, 20),
(21, 19),
(22, 21),
(23, 22),
(24, 23),
(25, 23),
(26, 24),
(27, 26),
(28, 25),
(29, 28),
(30, 27);

-- --------------------------------------------------------

--
-- Tabellenstruktur für Tabelle `emailconfiguration`
--

CREATE TABLE IF NOT EXISTS `emailconfiguration` (
`id` int(11) NOT NULL,
  `receivermailaddress` varchar(1024) NOT NULL,
  `sendmailaddress` varchar(1024) NOT NULL,
  `subject` varchar(2048) NOT NULL,
  `message` text NOT NULL,
  `controlnode_id` int(11) NOT NULL
) ENGINE=InnoDB  DEFAULT CHARSET=latin1 AUTO_INCREMENT=2 ;

--
-- Daten für Tabelle `emailconfiguration`
--

INSERT INTO `emailconfiguration` (`id`, `receivermailaddress`, `sendmailaddress`, `subject`, `message`, `controlnode_id`) VALUES
(1, 'TestReceiver@server.de', 'TestSender@server.de', 'Test Message', 'Test\r\n\r\nTest\r\n\r\nTest', 20);

-- --------------------------------------------------------

--
-- Tabellenstruktur für Tabelle `eventinstance`
--

CREATE TABLE IF NOT EXISTS `eventinstance` (
`id` int(11) NOT NULL,
  `type` varchar(512) NOT NULL,
  `event_state` varchar(512) NOT NULL
) ENGINE=InnoDB DEFAULT CHARSET=latin1 AUTO_INCREMENT=1 ;

-- --------------------------------------------------------

--
-- Tabellenstruktur für Tabelle `eventlog`
--

CREATE TABLE IF NOT EXISTS `eventlog` (
`id` int(11) NOT NULL,
  `timestamp` timestamp NOT NULL DEFAULT CURRENT_TIMESTAMP ON UPDATE CURRENT_TIMESTAMP,
  `controlnodeinstance_id` int(11) NOT NULL
) ENGINE=InnoDB DEFAULT CHARSET=latin1 AUTO_INCREMENT=1 ;

-- --------------------------------------------------------

--
-- Tabellenstruktur für Tabelle `fragment`
--

CREATE TABLE IF NOT EXISTS `fragment` (
`id` int(11) NOT NULL,
  `name` varchar(256) NOT NULL,
  `scenario_id` int(11) NOT NULL
) ENGINE=InnoDB  DEFAULT CHARSET=latin1 AUTO_INCREMENT=110 ;

--
-- Daten für Tabelle `fragment`
--

INSERT INTO `fragment` (`id`, `name`, `scenario_id`) VALUES
(1, 'fragment1', 1),
(2, 'fragment2', 1),
(3, 'fragment3', 1),
(4, 'fragment4', 1),
(5, 'Fragment1Scenario3', 3),
(100, 'testfragment', 101),
(101, 'fragmentScenario2', 2),
(102, 'FragmentA', 102),
(103, 'FragmentB', 102),
(104, 'FragmentC', 102),
(105, 'FragmentTest1', 103),
(106, 'FragmentTest1', 104),
(107, 'FragmentA', 105),
(108, 'FragmentB', 105),
(109, 'FragmentC', 105);

-- --------------------------------------------------------

--
-- Tabellenstruktur für Tabelle `fragmentinstance`
--

CREATE TABLE IF NOT EXISTS `fragmentinstance` (
`id` int(11) NOT NULL,
  `terminated` tinyint(1) NOT NULL DEFAULT '0',
  `fragment_id` int(11) NOT NULL,
  `scenarioinstance_id` int(11) NOT NULL
) ENGINE=InnoDB  DEFAULT CHARSET=latin1 AUTO_INCREMENT=1274 ;

--
-- Daten für Tabelle `fragmentinstance`
--

INSERT INTO `fragmentinstance` (`id`, `terminated`, `fragment_id`, `scenarioinstance_id`) VALUES
(78, 0, 1, 47),
(79, 0, 2, 47),
(80, 1, 1, 53),
(81, 1, 2, 53),
(82, 0, 2, 53),
(83, 0, 1, 53),
(84, 0, 1, 54),
(85, 0, 2, 54),
(86, 0, 1, 55),
(87, 0, 2, 55),
(88, 0, 1, 56),
(89, 0, 2, 56),
(90, 0, 1, 57),
(91, 1, 2, 57),
(92, 0, 2, 57),
(93, 0, 1, 58),
(94, 1, 2, 58),
(95, 0, 2, 58),
(96, 0, 1, 59),
(97, 0, 2, 59),
(98, 0, 1, 60),
(99, 0, 2, 60),
(100, 0, 1, 61),
(101, 0, 2, 61),
(102, 0, 1, 62),
(103, 0, 2, 62),
(104, 0, 1, 63),
(105, 0, 2, 63),
(106, 0, 1, 64),
(107, 1, 2, 64),
(108, 0, 2, 64),
(109, 1, 1, 65),
(110, 1, 2, 65),
(111, 0, 2, 65),
(112, 0, 1, 66),
(113, 1, 2, 66),
(114, 0, 2, 66),
(115, 0, 1, 67),
(116, 1, 2, 67),
(117, 1, 2, 67),
(118, 0, 2, 67),
(119, 0, 1, 68),
(120, 1, 2, 68),
(121, 1, 2, 68),
(122, 1, 2, 68),
(123, 1, 2, 68),
(124, 1, 2, 68),
(125, 1, 2, 68),
(126, 1, 2, 68),
(127, 1, 2, 68),
(128, 1, 2, 68),
(129, 1, 2, 68),
(130, 1, 2, 68),
(131, 1, 2, 68),
(132, 1, 2, 68),
(133, 1, 2, 68),
(134, 1, 2, 68),
(135, 1, 2, 68),
(136, 1, 2, 68),
(137, 1, 2, 68),
(138, 1, 2, 68),
(139, 1, 2, 68),
(140, 1, 2, 68),
(141, 1, 2, 68),
(142, 1, 2, 68),
(143, 1, 2, 68),
(144, 1, 2, 68),
(145, 1, 2, 68),
(146, 1, 2, 68),
(147, 0, 2, 68),
(148, 0, 1, 69),
(149, 1, 2, 69),
(150, 1, 2, 69),
(151, 1, 2, 69),
(152, 1, 2, 69),
(153, 1, 2, 69),
(154, 1, 2, 69),
(155, 1, 2, 69),
(156, 1, 2, 69),
(157, 0, 2, 69),
(158, 0, 1, 70),
(159, 1, 2, 70),
(160, 1, 2, 70),
(161, 1, 2, 70),
(162, 1, 2, 70),
(163, 1, 2, 70),
(164, 1, 2, 70),
(165, 1, 2, 70),
(166, 1, 2, 70),
(167, 1, 2, 70),
(168, 1, 2, 70),
(169, 0, 2, 70),
(170, 0, 1, 71),
(171, 1, 2, 71),
(172, 1, 2, 71),
(173, 1, 2, 71),
(174, 1, 2, 71),
(175, 0, 2, 71),
(176, 0, 1, 72),
(177, 1, 2, 72),
(178, 1, 2, 72),
(179, 0, 2, 72),
(180, 1, 1, 73),
(181, 1, 2, 73),
(182, 0, 1, 73),
(183, 1, 2, 73),
(184, 1, 2, 73),
(185, 1, 2, 73),
(186, 1, 2, 73),
(187, 1, 2, 73),
(188, 1, 2, 73),
(189, 0, 2, 73),
(190, 0, 1, 74),
(191, 0, 2, 74),
(192, 0, 1, 75),
(193, 0, 2, 75),
(194, 0, 1, 65),
(195, 0, 1, 76),
(196, 0, 2, 76),
(197, 0, 1, 77),
(198, 0, 2, 77),
(199, 0, 1, 78),
(200, 1, 2, 78),
(201, 0, 2, 78),
(202, 1, 1, 79),
(203, 1, 2, 79),
(204, 0, 2, 79),
(205, 0, 1, 79),
(206, 1, 1, 80),
(207, 1, 2, 80),
(208, 0, 2, 80),
(209, 0, 1, 80),
(210, 0, 1, 81),
(211, 0, 2, 81),
(212, 0, 3, 81),
(213, 0, 1, 82),
(214, 1, 2, 82),
(215, 0, 3, 82),
(216, 0, 2, 82),
(217, 0, 1, 83),
(218, 0, 2, 83),
(219, 0, 3, 83),
(220, 0, 1, 84),
(221, 0, 2, 84),
(222, 0, 3, 84),
(223, 0, 1, 92),
(224, 0, 2, 92),
(225, 0, 3, 92),
(226, 0, 1, 94),
(227, 0, 2, 94),
(228, 0, 3, 94),
(229, 0, 1, 95),
(230, 0, 2, 95),
(231, 0, 3, 95),
(232, 0, 1, 97),
(233, 0, 2, 97),
(234, 0, 3, 97),
(235, 0, 1, 99),
(236, 0, 2, 99),
(237, 0, 3, 99),
(238, 0, 1, 101),
(239, 0, 2, 101),
(240, 0, 3, 101),
(241, 0, 1, 103),
(242, 0, 2, 103),
(243, 0, 3, 103),
(244, 0, 1, 104),
(245, 0, 2, 104),
(246, 0, 3, 104),
(247, 0, 1, 105),
(248, 0, 2, 105),
(249, 0, 3, 105),
(250, 0, 1, 106),
(251, 0, 2, 106),
(252, 0, 3, 106),
(253, 0, 1, 107),
(254, 0, 2, 107),
(255, 0, 3, 107),
(256, 0, 1, 108),
(257, 0, 2, 108),
(258, 0, 3, 108),
(259, 0, 1, 109),
(260, 0, 2, 109),
(261, 0, 3, 109),
(262, 0, 1, 110),
(263, 0, 2, 110),
(264, 0, 3, 110),
(265, 0, 1, 111),
(266, 0, 2, 111),
(267, 0, 3, 111),
(268, 0, 1, 112),
(269, 0, 2, 112),
(270, 0, 3, 112),
(271, 0, 1, 113),
(272, 0, 2, 113),
(273, 0, 3, 113),
(274, 0, 1, 114),
(275, 0, 2, 114),
(276, 0, 3, 114),
(277, 0, 1, 115),
(278, 0, 2, 115),
(279, 0, 3, 115),
(280, 0, 1, 116),
(281, 0, 2, 116),
(282, 0, 3, 116),
(283, 0, 1, 117),
(284, 0, 2, 117),
(285, 0, 3, 117),
(286, 0, 1, 118),
(287, 0, 2, 118),
(288, 0, 3, 118),
(289, 0, 1, 119),
(290, 0, 2, 119),
(291, 0, 3, 119),
(292, 0, 1, 120),
(293, 0, 2, 120),
(294, 0, 3, 120),
(295, 0, 1, 121),
(296, 0, 2, 121),
(297, 0, 3, 121),
(298, 0, 1, 122),
(299, 0, 2, 122),
(300, 0, 3, 122),
(301, 0, 1, 123),
(302, 0, 2, 123),
(303, 0, 3, 123),
(304, 0, 1, 124),
(305, 0, 2, 124),
(306, 0, 3, 124),
(307, 0, 1, 125),
(308, 0, 2, 125),
(309, 0, 3, 125),
(310, 0, 1, 126),
(311, 0, 2, 126),
(312, 0, 3, 126),
(313, 0, 1, 127),
(314, 0, 2, 127),
(315, 0, 3, 127),
(316, 0, 1, 128),
(317, 0, 2, 128),
(318, 0, 3, 128),
(319, 0, 1, 129),
(320, 0, 2, 129),
(321, 0, 3, 129),
(322, 0, 1, 130),
(323, 0, 2, 130),
(324, 0, 3, 130),
(325, 0, 1, 131),
(326, 0, 2, 131),
(327, 0, 3, 131),
(328, 0, 1, 132),
(329, 0, 2, 132),
(330, 0, 3, 132),
(331, 0, 1, 133),
(332, 0, 2, 133),
(333, 0, 3, 133),
(334, 0, 1, 134),
(335, 0, 2, 134),
(336, 0, 3, 134),
(337, 0, 1, 135),
(338, 0, 2, 135),
(339, 0, 3, 135),
(340, 0, 1, 136),
(341, 0, 2, 136),
(342, 0, 3, 136),
(343, 0, 1, 137),
(344, 0, 2, 137),
(345, 0, 3, 137),
(346, 0, 1, 138),
(347, 0, 2, 138),
(348, 0, 3, 138),
(349, 0, 1, 139),
(350, 0, 2, 139),
(351, 0, 3, 139),
(352, 0, 1, 140),
(353, 0, 2, 140),
(354, 0, 3, 140),
(355, 0, 1, 141),
(356, 0, 2, 141),
(357, 0, 3, 141),
(358, 0, 1, 142),
(359, 0, 2, 142),
(360, 0, 3, 142),
(361, 0, 1, 143),
(362, 0, 2, 143),
(363, 0, 3, 143),
(364, 0, 1, 144),
(365, 0, 2, 144),
(366, 0, 3, 144),
(367, 0, 1, 145),
(368, 0, 2, 145),
(369, 0, 3, 145),
(370, 0, 1, 146),
(371, 0, 2, 146),
(372, 0, 3, 146),
(373, 0, 1, 147),
(374, 0, 2, 147),
(375, 0, 3, 147),
(376, 0, 1, 148),
(377, 0, 2, 148),
(378, 0, 3, 148),
(379, 0, 1, 149),
(380, 0, 2, 149),
(381, 0, 3, 149),
(382, 0, 1, 150),
(383, 0, 2, 150),
(384, 0, 3, 150),
(385, 0, 1, 151),
(386, 0, 2, 151),
(387, 0, 3, 151),
(388, 0, 1, 152),
(389, 0, 2, 152),
(390, 0, 3, 152),
(391, 0, 1, 153),
(392, 0, 2, 153),
(393, 0, 3, 153),
(394, 0, 1, 154),
(395, 0, 2, 154),
(396, 0, 3, 154),
(397, 0, 1, 155),
(398, 0, 2, 155),
(399, 0, 3, 155),
(400, 0, 1, 156),
(401, 0, 2, 156),
(402, 0, 3, 156),
(403, 0, 1, 157),
(404, 0, 2, 157),
(405, 0, 3, 157),
(406, 0, 1, 158),
(407, 0, 2, 158),
(408, 0, 3, 158),
(409, 0, 1, 159),
(410, 0, 2, 159),
(411, 0, 3, 159),
(412, 0, 1, 160),
(413, 0, 2, 160),
(414, 0, 3, 160),
(415, 0, 1, 161),
(416, 0, 2, 161),
(417, 0, 3, 161),
(418, 0, 1, 162),
(419, 0, 2, 162),
(420, 0, 3, 162),
(421, 0, 1, 163),
(422, 0, 2, 163),
(423, 0, 3, 163),
(424, 0, 1, 164),
(425, 0, 2, 164),
(426, 0, 3, 164),
(427, 0, 1, 165),
(428, 0, 2, 165),
(429, 0, 3, 165),
(430, 0, 1, 166),
(431, 0, 2, 166),
(432, 0, 3, 166),
(433, 0, 1, 167),
(434, 0, 2, 167),
(435, 0, 3, 167),
(436, 0, 1, 168),
(437, 0, 2, 168),
(438, 0, 3, 168),
(439, 0, 1, 169),
(440, 0, 2, 169),
(441, 0, 3, 169),
(442, 0, 1, 170),
(443, 0, 2, 170),
(444, 0, 3, 170),
(445, 0, 1, 171),
(446, 0, 2, 171),
(447, 0, 3, 171),
(448, 0, 1, 172),
(449, 0, 2, 172),
(450, 0, 3, 172),
(451, 0, 1, 173),
(452, 0, 2, 173),
(453, 0, 3, 173),
(454, 0, 1, 174),
(455, 0, 2, 174),
(456, 0, 3, 174),
(457, 0, 1, 175),
(458, 0, 2, 175),
(459, 0, 3, 175),
(460, 0, 1, 176),
(461, 0, 2, 176),
(462, 0, 3, 176),
(463, 0, 1, 177),
(464, 0, 2, 177),
(465, 0, 3, 177),
(466, 0, 1, 178),
(467, 0, 2, 178),
(468, 0, 3, 178),
(469, 0, 1, 179),
(470, 0, 2, 179),
(471, 0, 3, 179),
(472, 0, 1, 180),
(473, 0, 2, 180),
(474, 0, 3, 180),
(475, 0, 1, 181),
(476, 0, 2, 181),
(477, 0, 3, 181),
(478, 0, 1, 182),
(479, 0, 2, 182),
(480, 0, 3, 182),
(481, 0, 1, 183),
(482, 0, 2, 183),
(483, 0, 3, 183),
(484, 0, 1, 184),
(485, 0, 2, 184),
(486, 0, 3, 184),
(487, 0, 1, 185),
(488, 0, 2, 185),
(489, 0, 3, 185),
(490, 0, 1, 186),
(491, 0, 2, 186),
(492, 0, 3, 186),
(493, 0, 1, 187),
(494, 0, 2, 187),
(495, 0, 3, 187),
(496, 0, 1, 188),
(497, 0, 2, 188),
(498, 0, 3, 188),
(499, 0, 1, 189),
(500, 0, 2, 189),
(501, 0, 3, 189),
(502, 0, 1, 190),
(503, 0, 2, 190),
(504, 0, 3, 190),
(505, 0, 1, 191),
(506, 0, 2, 191),
(507, 0, 3, 191),
(508, 0, 1, 192),
(509, 0, 2, 192),
(510, 0, 1, 193),
(511, 0, 2, 193),
(512, 0, 3, 193),
(513, 0, 1, 194),
(514, 0, 2, 194),
(515, 0, 3, 194),
(516, 0, 1, 195),
(517, 0, 2, 195),
(518, 0, 3, 195),
(519, 0, 1, 196),
(520, 0, 2, 196),
(521, 0, 3, 196),
(522, 0, 1, 197),
(523, 0, 2, 197),
(524, 0, 3, 197),
(525, 0, 1, 198),
(526, 0, 2, 198),
(527, 0, 3, 198),
(528, 0, 1, 199),
(529, 0, 2, 199),
(530, 0, 3, 199),
(531, 0, 1, 200),
(532, 0, 2, 200),
(533, 0, 3, 200),
(534, 0, 1, 201),
(535, 0, 2, 201),
(536, 0, 3, 201),
(537, 0, 1, 202),
(538, 0, 2, 202),
(539, 0, 3, 202),
(540, 0, 1, 203),
(541, 0, 2, 203),
(542, 0, 3, 203),
(543, 0, 1, 204),
(544, 0, 2, 204),
(545, 0, 3, 204),
(546, 0, 1, 205),
(547, 0, 2, 205),
(548, 0, 3, 205),
(549, 0, 1, 206),
(550, 0, 2, 206),
(551, 0, 3, 206),
(552, 0, 1, 207),
(553, 0, 2, 207),
(554, 0, 3, 207),
(555, 0, 1, 208),
(556, 0, 2, 208),
(557, 0, 3, 208),
(558, 0, 1, 209),
(559, 0, 2, 209),
(560, 0, 3, 209),
(561, 0, 1, 210),
(562, 0, 2, 210),
(563, 0, 3, 210),
(564, 0, 1, 212),
(565, 0, 2, 212),
(566, 0, 3, 212),
(567, 0, 1, 214),
(568, 0, 2, 214),
(569, 0, 3, 214),
(570, 0, 1, 215),
(571, 0, 2, 215),
(572, 0, 3, 215),
(573, 0, 1, 216),
(574, 0, 2, 216),
(575, 0, 3, 216),
(576, 0, 1, 217),
(577, 0, 2, 217),
(578, 0, 3, 217),
(579, 0, 1, 218),
(580, 0, 2, 218),
(581, 0, 3, 218),
(582, 0, 1, 219),
(583, 0, 2, 219),
(584, 0, 3, 219),
(585, 0, 1, 220),
(586, 0, 2, 220),
(587, 0, 3, 220),
(588, 0, 1, 221),
(589, 0, 2, 221),
(590, 0, 3, 221),
(591, 0, 1, 222),
(592, 0, 2, 222),
(593, 0, 3, 222),
(594, 0, 1, 223),
(595, 0, 2, 223),
(596, 0, 3, 223),
(597, 0, 1, 224),
(598, 0, 2, 224),
(599, 0, 3, 224),
(600, 0, 1, 226),
(601, 0, 2, 226),
(602, 0, 3, 226),
(603, 0, 1, 228),
(604, 0, 2, 228),
(605, 0, 3, 228),
(606, 0, 101, 229),
(607, 0, 101, 230),
(608, 0, 101, 231),
(609, 0, 101, 232),
(610, 0, 101, 233),
(611, 0, 101, 234),
(612, 0, 101, 235),
(613, 0, 101, 236),
(614, 0, 101, 237),
(615, 0, 101, 238),
(616, 0, 101, 239),
(617, 0, 101, 240),
(618, 1, 101, 241),
(619, 0, 101, 241),
(620, 0, 101, 242),
(621, 0, 1, 244),
(622, 0, 2, 244),
(623, 0, 3, 244),
(624, 0, 1, 246),
(625, 0, 2, 246),
(626, 0, 3, 246),
(627, 0, 1, 248),
(628, 0, 2, 248),
(629, 0, 3, 248),
(630, 0, 1, 250),
(631, 0, 2, 250),
(632, 0, 3, 250),
(633, 0, 1, 252),
(634, 0, 2, 252),
(635, 0, 3, 252),
(636, 1, 101, 253),
(637, 0, 101, 253),
(638, 0, 1, 255),
(639, 0, 2, 255),
(640, 0, 3, 255),
(641, 0, 1, 257),
(642, 0, 2, 257),
(643, 0, 3, 257),
(644, 0, 1, 259),
(645, 0, 2, 259),
(646, 0, 3, 259),
(647, 0, 1, 261),
(648, 0, 2, 261),
(649, 0, 3, 261),
(650, 0, 1, 262),
(651, 0, 2, 262),
(652, 0, 3, 262),
(653, 1, 1, 263),
(654, 1, 2, 263),
(655, 0, 3, 263),
(656, 0, 2, 263),
(657, 0, 1, 263),
(658, 0, 101, 264),
(659, 0, 1, 265),
(660, 0, 2, 265),
(661, 0, 3, 265),
(662, 0, 1, 266),
(663, 0, 2, 266),
(664, 0, 3, 266),
(665, 1, 101, 267),
(666, 0, 101, 267),
(667, 1, 101, 268),
(668, 0, 101, 268),
(669, 0, 1, 270),
(670, 0, 2, 270),
(671, 0, 3, 270),
(672, 1, 101, 271),
(673, 0, 101, 271),
(674, 1, 101, 272),
(675, 0, 101, 272),
(676, 1, 101, 273),
(677, 0, 101, 273),
(678, 1, 101, 274),
(679, 0, 101, 274),
(680, 1, 101, 275),
(681, 0, 101, 276),
(682, 0, 101, 275),
(683, 1, 101, 277),
(684, 0, 101, 277),
(685, 1, 101, 278),
(686, 0, 1, 279),
(687, 0, 2, 279),
(688, 0, 3, 279),
(689, 1, 101, 278),
(690, 0, 101, 278),
(691, 0, 1, 281),
(692, 0, 2, 281),
(693, 0, 3, 281),
(694, 0, 1, 282),
(695, 0, 2, 282),
(696, 0, 3, 282),
(697, 0, 1, 284),
(698, 0, 2, 284),
(699, 0, 3, 284),
(700, 0, 3, 47),
(701, 0, 1, 285),
(702, 0, 2, 285),
(703, 0, 3, 285),
(704, 1, 1, 286),
(705, 1, 2, 286),
(706, 0, 3, 286),
(707, 0, 2, 286),
(708, 0, 1, 286),
(709, 0, 101, 287),
(710, 1, 101, 288),
(711, 0, 101, 288),
(712, 0, 101, 289),
(713, 1, 101, 1),
(714, 0, 101, 1),
(715, 0, 1, 1),
(716, 0, 2, 1),
(717, 0, 3, 1),
(718, 0, 101, 299),
(719, 0, 101, 300),
(720, 0, 101, 301),
(721, 0, 101, 302),
(722, 0, 101, 303),
(723, 0, 101, 304),
(724, 0, 101, 305),
(725, 0, 101, 306),
(726, 0, 101, 307),
(727, 1, 101, 308),
(728, 0, 101, 308),
(729, 1, 1, 309),
(730, 1, 2, 309),
(731, 0, 3, 309),
(732, 0, 2, 309),
(733, 0, 1, 309),
(734, 1, 1, 310),
(735, 1, 2, 310),
(736, 0, 3, 310),
(737, 0, 2, 310),
(738, 0, 1, 310),
(739, 1, 101, 311),
(740, 0, 101, 311),
(741, 1, 1, 312),
(742, 1, 2, 312),
(743, 0, 3, 312),
(744, 1, 4, 312),
(745, 1, 4, 312),
(746, 1, 4, 312),
(747, 0, 2, 312),
(748, 0, 4, 312),
(749, 0, 1, 312),
(750, 0, 1, 313),
(751, 1, 2, 313),
(752, 0, 3, 313),
(753, 1, 4, 313),
(754, 0, 4, 313),
(755, 0, 2, 313),
(756, 0, 1, 314),
(757, 0, 2, 314),
(758, 0, 3, 314),
(759, 1, 4, 314),
(760, 0, 4, 314),
(761, 0, 1, 315),
(762, 0, 2, 315),
(763, 1, 3, 315),
(764, 1, 4, 315),
(765, 1, 4, 315),
(766, 1, 4, 315),
(767, 0, 4, 315),
(768, 1, 3, 315),
(769, 0, 3, 315),
(770, 1, 1, 316),
(771, 1, 2, 316),
(772, 0, 3, 316),
(773, 0, 4, 316),
(774, 0, 2, 316),
(775, 0, 1, 316),
(776, 0, 1, 317),
(777, 0, 2, 317),
(778, 0, 3, 317),
(779, 0, 4, 317),
(780, 0, 1, 318),
(781, 1, 2, 318),
(782, 0, 3, 318),
(783, 0, 4, 318),
(784, 0, 2, 318),
(785, 0, 1, 319),
(786, 0, 2, 319),
(787, 0, 3, 319),
(788, 1, 4, 319),
(789, 1, 4, 319),
(790, 0, 4, 319),
(791, 0, 1, 320),
(792, 1, 2, 320),
(793, 0, 3, 320),
(794, 1, 4, 320),
(795, 0, 2, 320),
(796, 0, 4, 320),
(797, 0, 1, 321),
(798, 0, 2, 321),
(799, 0, 3, 321),
(800, 1, 4, 321),
(801, 0, 4, 321),
(802, 0, 1, 322),
(803, 0, 2, 322),
(804, 0, 3, 322),
(805, 1, 4, 322),
(806, 1, 4, 322),
(807, 0, 4, 322),
(808, 1, 1, 323),
(809, 1, 2, 323),
(810, 0, 3, 323),
(811, 1, 4, 323),
(812, 1, 4, 323),
(813, 0, 2, 323),
(814, 0, 4, 323),
(815, 0, 1, 323),
(816, 0, 1, 324),
(817, 0, 2, 324),
(818, 1, 3, 324),
(819, 0, 4, 324),
(820, 1, 3, 324),
(821, 0, 3, 324),
(822, 1, 1, 325),
(823, 1, 2, 325),
(824, 1, 3, 325),
(825, 1, 4, 325),
(826, 1, 4, 325),
(827, 0, 3, 325),
(828, 0, 2, 325),
(829, 0, 4, 325),
(830, 0, 1, 325),
(831, 0, 1, 326),
(832, 0, 2, 326),
(833, 0, 3, 326),
(834, 0, 4, 326),
(835, 0, 1, 327),
(836, 0, 2, 327),
(837, 0, 3, 327),
(838, 0, 4, 327),
(839, 0, 1, 328),
(840, 0, 2, 328),
(841, 0, 3, 328),
(842, 0, 4, 328),
(843, 0, 5, 329),
(844, 1, 5, 330),
(845, 0, 5, 330),
(846, 1, 5, 331),
(847, 0, 5, 331),
(848, 1, 5, 332),
(849, 0, 5, 332),
(850, 0, 4, 47),
(851, 0, 1, 333),
(852, 0, 2, 333),
(853, 0, 3, 333),
(854, 1, 4, 333),
(855, 0, 4, 333),
(856, 1, 1, 334),
(857, 1, 2, 334),
(858, 0, 3, 334),
(859, 1, 4, 334),
(860, 0, 2, 334),
(861, 0, 1, 334),
(862, 0, 4, 334),
(863, 0, 101, 335),
(864, 0, 101, 336),
(865, 0, 101, 337),
(866, 0, 101, 338),
(867, 0, 101, 339),
(868, 0, 101, 340),
(869, 1, 101, 341),
(870, 0, 101, 341),
(871, 1, 101, 342),
(872, 0, 101, 342),
(873, 1, 101, 343),
(874, 0, 101, 343),
(875, 1, 101, 344),
(876, 0, 101, 344),
(877, 1, 101, 345),
(878, 1, 101, 345),
(879, 0, 101, 345),
(880, 0, 1, 346),
(881, 0, 2, 346),
(882, 0, 3, 346),
(883, 0, 4, 346),
(884, 1, 101, 347),
(885, 1, 101, 347),
(886, 0, 101, 347),
(887, 0, 1, 348),
(888, 1, 2, 348),
(889, 0, 3, 348),
(890, 0, 4, 348),
(891, 0, 2, 348),
(892, 0, 1, 349),
(893, 0, 2, 349),
(894, 0, 3, 349),
(895, 0, 4, 349),
(896, 1, 101, 350),
(897, 1, 101, 350),
(898, 0, 101, 350),
(899, 0, 1, 351),
(900, 0, 2, 351),
(901, 0, 3, 351),
(902, 0, 4, 351),
(903, 1, 101, 352),
(904, 1, 101, 352),
(905, 0, 101, 352),
(906, 1, 1, 353),
(907, 1, 2, 353),
(908, 0, 3, 353),
(909, 0, 4, 353),
(910, 0, 2, 353),
(911, 0, 1, 353),
(912, 1, 101, 354),
(913, 1, 101, 354),
(914, 0, 101, 354),
(915, 1, 1, 356),
(916, 1, 2, 356),
(917, 0, 3, 356),
(918, 0, 4, 356),
(919, 0, 2, 356),
(920, 0, 1, 356),
(921, 1, 101, 357),
(922, 1, 101, 357),
(923, 0, 101, 357),
(924, 0, 1, 358),
(925, 0, 2, 358),
(926, 0, 3, 358),
(927, 0, 4, 358),
(928, 0, 1, 359),
(929, 0, 2, 359),
(930, 0, 3, 359),
(931, 0, 4, 359),
(932, 1, 101, 360),
(933, 1, 101, 360),
(934, 0, 101, 360),
(935, 0, 1, 361),
(936, 0, 2, 361),
(937, 0, 3, 361),
(938, 0, 4, 361),
(939, 1, 101, 362),
(940, 1, 101, 362),
(941, 0, 101, 362),
(942, 1, 1, 363),
(943, 1, 2, 363),
(944, 0, 3, 363),
(945, 0, 4, 363),
(946, 0, 2, 363),
(947, 0, 1, 363),
(948, 1, 101, 364),
(949, 1, 101, 364),
(950, 0, 101, 364),
(951, 0, 1, 365),
(952, 0, 2, 365),
(953, 0, 3, 365),
(954, 0, 4, 365),
(955, 0, 1, 366),
(956, 0, 2, 366),
(957, 0, 3, 366),
(958, 0, 4, 366),
(959, 1, 1, 367),
(960, 1, 2, 367),
(961, 0, 3, 367),
(962, 0, 4, 367),
(963, 0, 2, 367),
(964, 0, 1, 367),
(965, 1, 101, 368),
(966, 1, 101, 368),
(967, 0, 101, 368),
(968, 0, 1, 369),
(969, 0, 2, 369),
(970, 1, 3, 369),
(971, 0, 4, 369),
(972, 0, 3, 369),
(973, 0, 1, 370),
(974, 1, 2, 370),
(975, 1, 3, 370),
(976, 0, 4, 370),
(977, 0, 3, 370),
(978, 0, 2, 370),
(979, 0, 1, 371),
(980, 1, 2, 371),
(981, 1, 3, 371),
(982, 0, 4, 371),
(983, 0, 3, 371),
(984, 0, 2, 371),
(985, 0, 1, 372),
(986, 1, 2, 372),
(987, 0, 3, 372),
(988, 0, 4, 372),
(989, 0, 2, 372),
(990, 0, 1, 373),
(991, 1, 2, 373),
(992, 0, 3, 373),
(993, 0, 4, 373),
(994, 0, 2, 373),
(995, 0, 1, 374),
(996, 1, 2, 374),
(997, 0, 3, 374),
(998, 0, 4, 374),
(999, 0, 2, 374),
(1000, 0, 1, 375),
(1001, 0, 2, 375),
(1002, 0, 3, 375),
(1003, 0, 4, 375),
(1004, 0, 1, 376),
(1005, 1, 2, 376),
(1006, 1, 3, 376),
(1007, 0, 4, 376),
(1008, 0, 3, 376),
(1009, 0, 2, 376),
(1010, 0, 1, 377),
(1011, 1, 2, 377),
(1012, 0, 3, 377),
(1013, 0, 4, 377),
(1014, 0, 2, 377),
(1015, 0, 1, 378),
(1016, 1, 2, 378),
(1017, 1, 3, 378),
(1018, 0, 4, 378),
(1019, 0, 3, 378),
(1020, 0, 2, 378),
(1021, 0, 1, 379),
(1022, 0, 2, 379),
(1023, 0, 3, 379),
(1024, 0, 4, 379),
(1025, 0, 1, 380),
(1026, 0, 2, 380),
(1027, 0, 3, 380),
(1028, 0, 4, 380),
(1029, 0, 1, 381),
(1030, 0, 2, 381),
(1031, 0, 3, 381),
(1032, 0, 4, 381),
(1033, 1, 101, 382),
(1034, 1, 101, 382),
(1035, 0, 101, 382),
(1036, 1, 1, 383),
(1037, 1, 2, 383),
(1038, 0, 3, 383),
(1039, 0, 4, 383),
(1040, 0, 2, 383),
(1041, 0, 1, 383),
(1042, 1, 101, 384),
(1043, 1, 101, 384),
(1044, 0, 101, 384),
(1045, 0, 1, 385),
(1046, 0, 2, 385),
(1047, 0, 3, 385),
(1048, 0, 4, 385),
(1049, 0, 1, 386),
(1050, 1, 2, 386),
(1051, 0, 3, 386),
(1052, 0, 4, 386),
(1053, 0, 2, 386),
(1054, 0, 1, 387),
(1055, 0, 2, 387),
(1056, 0, 3, 387),
(1057, 0, 4, 387),
(1058, 0, 1, 388),
(1059, 1, 2, 388),
(1060, 0, 3, 388),
(1061, 0, 4, 388),
(1062, 0, 2, 388),
(1063, 1, 101, 389),
(1064, 1, 101, 389),
(1065, 0, 101, 389),
(1066, 1, 1, 390),
(1067, 1, 2, 390),
(1068, 0, 3, 390),
(1069, 0, 4, 390),
(1070, 0, 2, 390),
(1071, 0, 1, 390),
(1072, 1, 101, 391),
(1073, 1, 101, 391),
(1074, 0, 101, 391),
(1075, 0, 1, 392),
(1076, 0, 2, 392),
(1077, 0, 3, 392),
(1078, 0, 4, 392),
(1079, 1, 101, 393),
(1080, 1, 101, 393),
(1081, 0, 101, 393),
(1082, 1, 1, 394),
(1083, 1, 2, 394),
(1084, 0, 3, 394),
(1085, 0, 4, 394),
(1086, 0, 2, 394),
(1087, 0, 1, 394),
(1088, 1, 101, 395),
(1089, 1, 101, 395),
(1090, 0, 101, 395),
(1091, 0, 1, 396),
(1092, 0, 2, 396),
(1093, 0, 3, 396),
(1094, 0, 4, 396),
(1095, 1, 101, 397),
(1096, 1, 101, 397),
(1097, 0, 101, 397),
(1098, 1, 1, 398),
(1099, 1, 2, 398),
(1100, 0, 3, 398),
(1101, 0, 4, 398),
(1102, 0, 2, 398),
(1103, 0, 1, 398),
(1104, 1, 101, 399),
(1105, 1, 101, 399),
(1106, 0, 101, 399),
(1107, 1, 1, 400),
(1108, 1, 2, 400),
(1109, 0, 3, 400),
(1110, 0, 4, 400),
(1111, 0, 2, 400),
(1112, 0, 1, 400),
(1113, 1, 101, 401),
(1114, 1, 101, 401),
(1115, 0, 101, 401),
(1116, 1, 1, 402),
(1117, 1, 2, 402),
(1118, 0, 3, 402),
(1119, 0, 4, 402),
(1120, 0, 2, 402),
(1121, 0, 1, 402),
(1122, 1, 101, 403),
(1123, 1, 101, 403),
(1124, 0, 101, 403),
(1125, 1, 1, 404),
(1126, 1, 2, 404),
(1127, 0, 3, 404),
(1128, 0, 4, 404),
(1129, 0, 2, 404),
(1130, 0, 1, 404),
(1131, 1, 101, 405),
(1132, 1, 101, 405),
(1133, 0, 101, 405),
(1134, 1, 1, 406),
(1135, 1, 2, 406),
(1136, 0, 3, 406),
(1137, 0, 4, 406),
(1138, 0, 2, 406),
(1139, 0, 1, 406),
(1140, 1, 101, 407),
(1141, 1, 101, 407),
(1142, 0, 101, 407),
(1143, 0, 1, 408),
(1144, 1, 2, 408),
(1145, 0, 3, 408),
(1146, 0, 4, 408),
(1147, 0, 2, 408),
(1148, 1, 1, 409),
(1149, 1, 2, 409),
(1150, 0, 3, 409),
(1151, 1, 4, 409),
(1152, 0, 2, 409),
(1153, 0, 1, 409),
(1154, 1, 4, 409),
(1155, 1, 4, 409),
(1156, 1, 4, 409),
(1157, 1, 4, 409),
(1158, 1, 4, 409),
(1159, 1, 4, 409),
(1160, 1, 4, 409),
(1161, 1, 4, 409),
(1162, 0, 4, 409),
(1163, 0, 1, 410),
(1164, 0, 2, 410),
(1165, 0, 3, 410),
(1166, 0, 4, 410),
(1167, 0, 1, 411),
(1168, 0, 2, 411),
(1169, 0, 3, 411),
(1170, 0, 4, 411),
(1171, 0, 1, 412),
(1172, 0, 2, 412),
(1173, 0, 3, 412),
(1174, 0, 4, 412),
(1175, 1, 1, 413),
(1176, 1, 2, 413),
(1177, 0, 3, 413),
(1178, 0, 4, 413),
(1179, 0, 2, 413),
(1180, 0, 1, 413),
(1181, 1, 101, 414),
(1182, 1, 101, 414),
(1183, 0, 101, 414),
(1184, 0, 1, 415),
(1185, 0, 2, 415),
(1186, 0, 3, 415),
(1187, 0, 4, 415),
(1188, 0, 1, 416),
(1189, 0, 2, 416),
(1190, 0, 3, 416),
(1191, 0, 4, 416),
(1192, 0, 1, 417),
(1193, 0, 2, 417),
(1194, 0, 3, 417),
(1195, 0, 4, 417),
(1196, 0, 1, 421),
(1197, 0, 2, 421),
(1198, 0, 3, 421),
(1199, 0, 4, 421),
(1200, 1, 1, 422),
(1201, 1, 2, 422),
(1202, 0, 3, 422),
(1203, 0, 4, 422),
(1204, 0, 2, 422),
(1205, 0, 1, 422),
(1206, 1, 101, 423),
(1207, 1, 101, 423),
(1208, 0, 101, 423),
(1209, 0, 102, 424),
(1210, 0, 103, 424),
(1211, 0, 104, 424),
(1212, 1, 105, 425),
(1213, 1, 105, 425),
(1214, 0, 105, 425),
(1215, 0, 106, 426),
(1216, 0, 106, 427),
(1217, 1, 107, 428),
(1218, 1, 108, 428),
(1219, 1, 109, 428),
(1220, 0, 107, 428),
(1221, 0, 108, 428),
(1222, 0, 109, 428),
(1223, 1, 107, 429),
(1224, 1, 108, 429),
(1225, 0, 109, 429),
(1226, 1, 1, 430),
(1227, 1, 2, 430),
(1228, 0, 3, 430),
(1229, 0, 4, 430),
(1230, 0, 2, 430),
(1231, 0, 1, 430),
(1232, 1, 101, 431),
(1233, 1, 101, 431),
(1234, 0, 101, 431),
(1235, 0, 107, 432),
(1236, 0, 108, 432),
(1237, 0, 109, 432),
(1238, 0, 107, 429),
(1239, 0, 108, 429),
(1240, 1, 1, 433),
(1241, 1, 2, 433),
(1242, 0, 3, 433),
(1243, 0, 4, 433),
(1244, 0, 2, 433),
(1245, 0, 1, 433),
(1246, 1, 101, 434),
(1247, 1, 101, 434),
(1248, 0, 101, 434),
(1249, 1, 107, 435),
(1250, 1, 108, 435),
(1251, 0, 109, 435),
(1252, 0, 107, 435),
(1253, 0, 108, 435),
(1254, 0, 106, 436),
(1255, 0, 107, 437),
(1256, 0, 108, 437),
(1257, 1, 109, 437),
(1258, 0, 109, 437),
(1259, 1, 1, 438),
(1260, 1, 2, 438),
(1261, 0, 3, 438),
(1262, 0, 4, 438),
(1263, 0, 2, 438),
(1264, 0, 1, 438),
(1265, 1, 101, 439),
(1266, 1, 101, 439),
(1267, 0, 101, 439),
(1268, 1, 107, 440),
(1269, 1, 108, 440),
(1270, 1, 109, 440),
(1271, 0, 107, 440),
(1272, 0, 108, 440),
(1273, 0, 109, 440);

-- --------------------------------------------------------

--
-- Tabellenstruktur für Tabelle `gatewayandeventstate`
--

CREATE TABLE IF NOT EXISTS `gatewayandeventstate` (
  `state` varchar(512) NOT NULL
) ENGINE=InnoDB DEFAULT CHARSET=latin1;

-- --------------------------------------------------------

--
-- Tabellenstruktur für Tabelle `gatewayinstance`
--

CREATE TABLE IF NOT EXISTS `gatewayinstance` (
  `id` int(11) NOT NULL,
  `type` varchar(512) NOT NULL,
  `gateway_state` varchar(512) NOT NULL
) ENGINE=InnoDB DEFAULT CHARSET=latin1;

--
-- Daten für Tabelle `gatewayinstance`
--

INSERT INTO `gatewayinstance` (`id`, `type`, `gateway_state`) VALUES
(0, 'AND', 'terminated'),
(100, 'AND', 'init'),
(636, 'AND', 'init'),
(639, 'AND', 'init'),
(642, 'AND', 'init'),
(645, 'AND', 'init'),
(648, 'AND', 'terminated'),
(651, 'AND', 'init'),
(652, 'AND', 'terminated'),
(655, 'AND', 'terminated'),
(656, 'AND', 'terminated'),
(659, 'AND', 'init'),
(660, 'AND', 'terminated'),
(678, 'AND', 'terminated'),
(681, 'AND', 'terminated'),
(682, 'AND', 'terminated'),
(707, 'AND', 'terminated'),
(710, 'AND', 'init'),
(717, 'AND', 'terminated'),
(720, 'AND', 'terminated'),
(721, 'AND', 'terminated'),
(723, 'AND', 'init'),
(724, 'AND', 'terminated'),
(727, 'AND', 'terminated'),
(728, 'AND', 'terminated'),
(734, 'AND', 'terminated'),
(737, 'AND', 'terminated'),
(738, 'AND', 'terminated'),
(741, 'AND', 'terminated'),
(744, 'AND', 'terminated'),
(745, 'AND', 'terminated'),
(747, 'AND', 'terminated'),
(750, 'AND', 'terminated'),
(751, 'AND', 'terminated'),
(753, 'AND', 'terminated'),
(756, 'AND', 'terminated'),
(757, 'AND', 'terminated'),
(759, 'AND', 'terminated'),
(762, 'AND', 'terminated'),
(763, 'AND', 'init'),
(764, 'AND', 'terminated'),
(767, 'AND', 'init'),
(768, 'AND', 'terminated'),
(770, 'AND', 'init'),
(771, 'AND', 'terminated'),
(774, 'AND', 'terminated'),
(775, 'AND', 'terminated'),
(777, 'AND', 'terminated'),
(780, 'AND', 'terminated'),
(784, 'AND', 'terminated'),
(787, 'AND', 'terminated'),
(788, 'AND', 'terminated'),
(811, 'AND', 'terminated'),
(814, 'AND', 'terminated'),
(815, 'AND', 'terminated'),
(818, 'AND', 'terminated'),
(821, 'AND', 'terminated'),
(846, 'AND', 'terminated'),
(849, 'AND', 'terminated'),
(852, 'AND', 'terminated'),
(855, 'AND', 'terminated'),
(858, 'AND', 'terminated'),
(859, 'AND', 'terminated'),
(877, 'AND', 'terminated'),
(880, 'AND', 'terminated'),
(881, 'AND', 'terminated'),
(1035, 'AND', 'terminated'),
(1038, 'AND', 'terminated'),
(1041, 'AND', 'terminated'),
(1044, 'AND', 'terminated'),
(1047, 'AND', 'terminated'),
(1050, 'AND', 'terminated'),
(1053, 'AND', 'terminated'),
(1056, 'AND', 'terminated'),
(1057, 'AND', 'terminated'),
(1060, 'AND', 'terminated'),
(1063, 'AND', 'terminated'),
(1064, 'AND', 'terminated'),
(1067, 'AND', 'terminated'),
(1070, 'AND', 'terminated'),
(1071, 'AND', 'terminated'),
(1074, 'AND', 'terminated'),
(1077, 'AND', 'terminated'),
(1078, 'AND', 'terminated'),
(1081, 'AND', 'init'),
(1082, 'AND', 'terminated'),
(1085, 'AND', 'terminated'),
(1086, 'AND', 'terminated'),
(1089, 'AND', 'terminated'),
(1090, 'AND', 'terminated'),
(1098, 'AND', 'terminated'),
(1101, 'AND', 'terminated'),
(1102, 'AND', 'terminated'),
(1105, 'AND', 'terminated'),
(1106, 'AND', 'terminated'),
(1122, 'AND', 'terminated'),
(1125, 'AND', 'terminated'),
(1126, 'AND', 'terminated'),
(1129, 'AND', 'terminated'),
(1130, 'AND', 'terminated'),
(1139, 'AND', 'terminated'),
(1142, 'AND', 'terminated'),
(1143, 'AND', 'terminated'),
(1146, 'AND', 'terminated'),
(1147, 'AND', 'terminated'),
(1158, 'AND', 'terminated'),
(1161, 'AND', 'terminated'),
(1162, 'AND', 'terminated'),
(1165, 'AND', 'terminated'),
(1166, 'AND', 'terminated'),
(1177, 'AND', 'terminated'),
(1180, 'AND', 'terminated'),
(1181, 'AND', 'terminated'),
(1184, 'AND', 'terminated'),
(1185, 'AND', 'terminated'),
(1198, 'AND', 'terminated'),
(1201, 'AND', 'terminated'),
(1202, 'AND', 'terminated'),
(1205, 'AND', 'terminated'),
(1206, 'AND', 'terminated'),
(1215, 'AND', 'terminated'),
(1218, 'AND', 'terminated'),
(1219, 'AND', 'terminated'),
(1222, 'AND', 'terminated'),
(1223, 'AND', 'terminated'),
(1234, 'AND', 'terminated'),
(1237, 'AND', 'terminated'),
(1238, 'AND', 'terminated'),
(1241, 'AND', 'terminated'),
(1242, 'AND', 'terminated'),
(1262, 'AND', 'terminated'),
(1265, 'AND', 'terminated'),
(1266, 'AND', 'terminated'),
(1269, 'AND', 'terminated'),
(1270, 'AND', 'terminated'),
(1362, 'AND', 'terminated'),
(1365, 'AND', 'terminated'),
(1366, 'AND', 'terminated'),
(1369, 'AND', 'terminated'),
(1370, 'AND', 'terminated'),
(1381, 'AND', 'terminated'),
(1384, 'AND', 'terminated'),
(1385, 'AND', 'terminated'),
(1388, 'AND', 'terminated'),
(1389, 'AND', 'terminated'),
(1417, 'AND', 'terminated'),
(1420, 'AND', 'terminated'),
(1421, 'AND', 'terminated'),
(1424, 'AND', 'terminated'),
(1425, 'AND', 'terminated'),
(1436, 'AND', 'terminated'),
(1439, 'AND', 'terminated'),
(1440, 'AND', 'terminated'),
(1443, 'AND', 'terminated'),
(1444, 'AND', 'terminated'),
(1452, 'AND', 'terminated'),
(1455, 'AND', 'terminated'),
(1456, 'AND', 'terminated'),
(1459, 'AND', 'terminated'),
(1460, 'AND', 'terminated'),
(1471, 'AND', 'terminated'),
(1474, 'AND', 'terminated'),
(1475, 'AND', 'terminated'),
(1478, 'AND', 'terminated'),
(1479, 'AND', 'terminated'),
(1488, 'AND', 'terminated'),
(1491, 'AND', 'terminated'),
(1492, 'AND', 'terminated'),
(1495, 'AND', 'terminated'),
(1496, 'AND', 'terminated'),
(1507, 'AND', 'terminated'),
(1510, 'AND', 'terminated'),
(1511, 'AND', 'terminated'),
(1514, 'AND', 'terminated'),
(1515, 'AND', 'terminated'),
(1526, 'AND', 'terminated'),
(1529, 'AND', 'terminated'),
(1530, 'AND', 'terminated'),
(1533, 'AND', 'terminated'),
(1534, 'AND', 'terminated'),
(1545, 'AND', 'terminated'),
(1548, 'AND', 'terminated'),
(1549, 'AND', 'terminated'),
(1552, 'AND', 'terminated'),
(1553, 'AND', 'terminated'),
(1564, 'AND', 'terminated'),
(1567, 'AND', 'terminated'),
(1568, 'AND', 'terminated'),
(1571, 'AND', 'terminated'),
(1572, 'AND', 'terminated'),
(1583, 'AND', 'terminated'),
(1586, 'AND', 'terminated'),
(1587, 'AND', 'terminated'),
(1590, 'AND', 'terminated'),
(1591, 'AND', 'terminated'),
(1642, 'AND', 'terminated'),
(1645, 'AND', 'terminated'),
(1646, 'AND', 'terminated'),
(1649, 'AND', 'terminated'),
(1650, 'AND', 'terminated'),
(1686, 'AND', 'terminated'),
(1689, 'AND', 'terminated'),
(1690, 'AND', 'terminated'),
(1693, 'AND', 'terminated'),
(1694, 'AND', 'terminated'),
(1725, 'AND', 'terminated'),
(1728, 'AND', 'terminated'),
(1729, 'AND', 'terminated'),
(1732, 'AND', 'terminated'),
(1733, 'AND', 'terminated'),
(1750, 'AND', 'terminated'),
(1753, 'AND', 'terminated'),
(1754, 'AND', 'terminated'),
(1757, 'AND', 'terminated'),
(1758, 'AND', 'terminated'),
(1782, 'AND', 'terminated'),
(1785, 'AND', 'terminated'),
(1786, 'AND', 'terminated'),
(1789, 'AND', 'terminated'),
(1790, 'AND', 'terminated');

-- --------------------------------------------------------

--
-- Tabellenstruktur für Tabelle `historyactivityinstance`
--

CREATE TABLE IF NOT EXISTS `historyactivityinstance` (
`ID` int(11) NOT NULL,
  `activityinstance_id` int(11) NOT NULL,
  `timestamp` timestamp NOT NULL DEFAULT CURRENT_TIMESTAMP,
  `oldstate` varchar(512) NOT NULL,
  `newstate` varchar(512) NOT NULL,
  `scenarioinstance_id` int(11) NOT NULL,
  `role_id` int(11) NOT NULL,
  `user_id` int(11) NOT NULL,
  `comment` text NOT NULL
) ENGINE=InnoDB  DEFAULT CHARSET=latin1 AUTO_INCREMENT=2 ;

-- --------------------------------------------------------

--
-- Tabellenstruktur für Tabelle `historycontrolflow`
--

CREATE TABLE IF NOT EXISTS `historycontrolflow` (
`id` int(11) NOT NULL,
  `controlnodeinstance_id1` int(11) NOT NULL,
  `controlnodeinstance_id2` int(11) NOT NULL
) ENGINE=InnoDB DEFAULT CHARSET=latin1 AUTO_INCREMENT=1 ;

-- --------------------------------------------------------

--
-- Tabellenstruktur für Tabelle `reference`
--

CREATE TABLE IF NOT EXISTS `reference` (
  `controlnode_id1` int(11) NOT NULL,
  `controlnode_id2` int(11) NOT NULL
) ENGINE=InnoDB DEFAULT CHARSET=latin1;

--
-- Daten für Tabelle `reference`
--

INSERT INTO `reference` (`controlnode_id1`, `controlnode_id2`) VALUES
(4, 16),
(16, 4);

-- --------------------------------------------------------

--
-- Tabellenstruktur für Tabelle `right`
--

CREATE TABLE IF NOT EXISTS `right` (
`id` int(11) NOT NULL,
  `name` varchar(512) NOT NULL
) ENGINE=InnoDB DEFAULT CHARSET=latin1 AUTO_INCREMENT=1 ;

-- --------------------------------------------------------

--
-- Tabellenstruktur für Tabelle `role`
--

CREATE TABLE IF NOT EXISTS `role` (
`id` int(11) NOT NULL,
  `name` varchar(512) NOT NULL
) ENGINE=InnoDB DEFAULT CHARSET=latin1 AUTO_INCREMENT=1 ;

-- --------------------------------------------------------

--
-- Tabellenstruktur für Tabelle `rolehasright`
--

CREATE TABLE IF NOT EXISTS `rolehasright` (
  `role_id` int(11) NOT NULL,
  `right_id` int(11) NOT NULL
) ENGINE=InnoDB DEFAULT CHARSET=latin1;

-- --------------------------------------------------------

--
-- Tabellenstruktur für Tabelle `scenario`
--

CREATE TABLE IF NOT EXISTS `scenario` (
`id` int(11) NOT NULL,
  `name` varchar(256) NOT NULL
) ENGINE=InnoDB  DEFAULT CHARSET=latin1 AUTO_INCREMENT=106 ;

--
-- Daten für Tabelle `scenario`
--

INSERT INTO `scenario` (`id`, `name`) VALUES
(1, 'HELLOWORLD'),
(2, 'helloWorld2'),
(3, 'EmailTest'),
(100, 'TestScenario'),
(101, 'Test Insert Scenario'),
(103, 'ScenarioTest1'),
(105, 'TestScenarioTerminationCondition');

-- --------------------------------------------------------

--
-- Tabellenstruktur für Tabelle `scenarioinstance`
--

CREATE TABLE IF NOT EXISTS `scenarioinstance` (
`id` int(11) NOT NULL,
  `terminated` tinyint(1) NOT NULL DEFAULT '0',
  `scenario_id` int(11) NOT NULL
) ENGINE=InnoDB  DEFAULT CHARSET=latin1 AUTO_INCREMENT=441 ;

--
-- Daten für Tabelle `scenarioinstance`
--

INSERT INTO `scenarioinstance` (`id`, `terminated`, `scenario_id`) VALUES
(47, 0, 1),
(48, 0, 1),
(49, 0, 1),
(50, 0, 1),
(51, 0, 1),
(52, 0, 1),
(53, 0, 1),
(54, 0, 1),
(55, 0, 1),
(56, 0, 1),
(57, 0, 1),
(58, 0, 1),
(59, 0, 1),
(60, 0, 1),
(61, 0, 1),
(62, 0, 1),
(63, 0, 1),
(64, 0, 1),
(65, 0, 1),
(66, 0, 1),
(67, 0, 1),
(68, 0, 1),
(69, 0, 1),
(70, 0, 1),
(71, 0, 1),
(72, 0, 1),
(73, 0, 1),
(74, 0, 1),
(75, 0, 1),
(76, 0, 1),
(77, 0, 1),
(78, 0, 1),
(79, 0, 1),
(80, 0, 1),
(81, 0, 1),
(82, 0, 1),
(83, 0, 1),
(84, 0, 1),
(85, 0, 100),
(86, 0, 100),
(88, 0, 101),
(89, 0, 101),
(90, 0, 101),
(91, 0, 101),
(92, 0, 1),
(93, 0, 101),
(94, 0, 1),
(95, 0, 1),
(96, 0, 101),
(97, 0, 1),
(98, 0, 101),
(99, 0, 1),
(100, 0, 101),
(101, 0, 1),
(102, 0, 101),
(103, 0, 1),
(104, 0, 1),
(105, 0, 1),
(106, 0, 1),
(107, 0, 1),
(108, 0, 1),
(109, 0, 1),
(110, 0, 1),
(111, 0, 1),
(112, 0, 1),
(113, 0, 1),
(114, 0, 1),
(115, 0, 1),
(116, 0, 1),
(117, 0, 1),
(118, 0, 1),
(119, 0, 1),
(120, 0, 1),
(121, 0, 1),
(122, 0, 1),
(123, 0, 1),
(124, 0, 1),
(125, 0, 1),
(126, 0, 1),
(127, 0, 1),
(128, 0, 1),
(129, 0, 1),
(130, 0, 1),
(131, 0, 1),
(132, 0, 1),
(133, 0, 1),
(134, 0, 1),
(135, 0, 1),
(136, 0, 1),
(137, 0, 1),
(138, 0, 1),
(139, 0, 1),
(140, 0, 1),
(141, 0, 1),
(142, 0, 1),
(143, 0, 1),
(144, 0, 1),
(145, 0, 1),
(146, 0, 1),
(147, 0, 1),
(148, 0, 1),
(149, 0, 1),
(150, 0, 1),
(151, 0, 1),
(152, 0, 1),
(153, 0, 1),
(154, 0, 1),
(155, 0, 1),
(156, 0, 1),
(157, 0, 1),
(158, 0, 1),
(159, 0, 1),
(160, 0, 1),
(161, 0, 1),
(162, 0, 1),
(163, 0, 1),
(164, 0, 1),
(165, 0, 1),
(166, 0, 1),
(167, 0, 1),
(168, 0, 1),
(169, 0, 1),
(170, 0, 1),
(171, 0, 1),
(172, 0, 1),
(173, 0, 1),
(174, 0, 1),
(175, 0, 1),
(176, 0, 1),
(177, 0, 1),
(178, 0, 1),
(179, 0, 1),
(180, 0, 1),
(181, 0, 1),
(182, 0, 1),
(183, 0, 1),
(184, 0, 1),
(185, 0, 1),
(186, 0, 1),
(187, 0, 1),
(188, 0, 1),
(189, 0, 1),
(190, 0, 1),
(191, 0, 1),
(192, 0, 1),
(193, 0, 1),
(194, 0, 1),
(195, 0, 1),
(196, 0, 1),
(197, 0, 1),
(198, 0, 1),
(199, 0, 1),
(200, 0, 1),
(201, 0, 1),
(202, 0, 1),
(203, 0, 1),
(204, 0, 1),
(205, 0, 1),
(206, 0, 1),
(207, 0, 1),
(208, 0, 1),
(209, 0, 1),
(210, 0, 1),
(211, 0, 101),
(212, 0, 1),
(213, 0, 101),
(214, 0, 1),
(215, 0, 1),
(216, 0, 1),
(217, 0, 1),
(218, 0, 1),
(219, 0, 1),
(220, 0, 1),
(221, 0, 1),
(222, 0, 1),
(223, 0, 1),
(224, 0, 1),
(225, 0, 101),
(226, 0, 1),
(227, 0, 101),
(228, 0, 1),
(229, 0, 2),
(230, 0, 2),
(231, 0, 2),
(232, 0, 2),
(233, 0, 2),
(234, 0, 2),
(235, 0, 2),
(236, 0, 2),
(237, 0, 2),
(238, 0, 2),
(239, 0, 2),
(240, 0, 2),
(241, 0, 2),
(242, 0, 2),
(243, 0, 101),
(244, 0, 1),
(245, 0, 101),
(246, 0, 1),
(247, 0, 101),
(248, 0, 1),
(249, 0, 101),
(250, 0, 1),
(251, 0, 101),
(252, 0, 1),
(253, 0, 2),
(254, 0, 101),
(255, 0, 1),
(256, 0, 101),
(257, 0, 1),
(258, 0, 101),
(259, 0, 1),
(260, 0, 101),
(261, 0, 1),
(262, 0, 1),
(263, 0, 1),
(264, 0, 2),
(265, 0, 1),
(266, 0, 1),
(267, 0, 2),
(268, 0, 2),
(269, 0, 101),
(270, 0, 1),
(271, 0, 2),
(272, 0, 2),
(273, 0, 2),
(274, 0, 2),
(275, 0, 2),
(276, 0, 2),
(277, 0, 2),
(278, 0, 2),
(279, 0, 1),
(280, 0, 101),
(281, 0, 1),
(282, 0, 1),
(283, 0, 101),
(284, 0, 1),
(285, 0, 1),
(286, 0, 1),
(287, 0, 2),
(288, 0, 2),
(289, 0, 2),
(290, 0, 2),
(291, 0, 2),
(292, 0, 2),
(293, 0, 2),
(294, 0, 1),
(295, 0, 2),
(296, 0, 1),
(297, 0, 2),
(298, 0, 2),
(299, 0, 2),
(300, 0, 2),
(301, 0, 2),
(302, 0, 2),
(303, 0, 2),
(304, 0, 2),
(305, 0, 2),
(306, 0, 2),
(307, 0, 2),
(308, 0, 2),
(309, 0, 1),
(310, 0, 1),
(311, 0, 2),
(312, 0, 1),
(313, 0, 1),
(314, 0, 1),
(315, 0, 1),
(316, 0, 1),
(317, 0, 1),
(318, 0, 1),
(319, 0, 1),
(320, 0, 1),
(321, 0, 1),
(322, 0, 1),
(323, 0, 1),
(324, 0, 1),
(325, 0, 1),
(326, 0, 1),
(327, 0, 1),
(328, 0, 1),
(329, 0, 3),
(330, 0, 3),
(331, 0, 3),
(332, 0, 3),
(333, 0, 1),
(334, 0, 1),
(335, 0, 2),
(336, 0, 2),
(337, 0, 2),
(338, 0, 2),
(339, 0, 2),
(340, 0, 2),
(341, 0, 2),
(342, 0, 2),
(343, 0, 2),
(344, 0, 2),
(345, 0, 2),
(346, 0, 1),
(347, 0, 2),
(348, 0, 1),
(349, 0, 1),
(350, 0, 2),
(351, 0, 1),
(352, 0, 2),
(353, 0, 1),
(354, 0, 2),
(355, 0, 101),
(356, 0, 1),
(357, 0, 2),
(358, 0, 1),
(359, 0, 1),
(360, 0, 2),
(361, 0, 1),
(362, 0, 2),
(363, 0, 1),
(364, 0, 2),
(365, 0, 1),
(366, 0, 1),
(367, 0, 1),
(368, 0, 2),
(369, 0, 1),
(370, 0, 1),
(371, 0, 1),
(372, 0, 1),
(373, 0, 1),
(374, 0, 1),
(375, 0, 1),
(376, 0, 1),
(377, 0, 1),
(378, 0, 1),
(379, 0, 1),
(380, 0, 1),
(381, 0, 1),
(382, 0, 2),
(383, 0, 1),
(384, 0, 2),
(385, 0, 1),
(386, 0, 1),
(387, 0, 1),
(388, 0, 1),
(389, 0, 2),
(390, 0, 1),
(391, 0, 2),
(392, 0, 1),
(393, 0, 2),
(394, 0, 1),
(395, 0, 2),
(396, 0, 1),
(397, 0, 2),
(398, 0, 1),
(399, 0, 2),
(400, 0, 1),
(401, 0, 2),
(402, 0, 1),
(403, 0, 2),
(404, 0, 1),
(405, 0, 2),
(406, 0, 1),
(407, 0, 2),
(408, 0, 1),
(409, 0, 1),
(410, 0, 1),
(411, 0, 1),
(412, 0, 1),
(413, 0, 1),
(414, 0, 2),
(415, 0, 1),
(416, 0, 1),
(417, 1, 1),
(418, 0, 1),
(419, 0, 1),
(420, 0, 1),
(421, 1, 1),
(422, 0, 1),
(423, 0, 2),
(424, 0, 102),
(425, 0, 103),
(426, 0, 104),
(427, 0, 104),
(428, 1, 105),
(429, 0, 105),
(430, 0, 1),
(431, 0, 2),
(432, 0, 105),
(433, 0, 1),
(434, 0, 2),
(435, 0, 105),
(436, 0, 104),
(437, 1, 105),
(438, 0, 1),
(439, 0, 2),
(440, 1, 105);

-- --------------------------------------------------------

--
-- Tabellenstruktur für Tabelle `state`
--

CREATE TABLE IF NOT EXISTS `state` (
`id` int(11) NOT NULL,
  `name` varchar(512) NOT NULL,
  `olc_id` int(11) NOT NULL
) ENGINE=InnoDB  DEFAULT CHARSET=latin1 AUTO_INCREMENT=16 ;

--
-- Daten für Tabelle `state`
--

INSERT INTO `state` (`id`, `name`, `olc_id`) VALUES
(1, 'init', 1),
(2, 'bearbeitet', 1),
(3, 'geprüft', 1),
(4, 'abgeschlossen', 1),
(5, 'init', 2),
(6, 'fertig', 2),
(7, 'init', 3),
(8, 'a', 3),
(9, 'b', 3),
(10, 'c', 3),
(11, 'init', 4),
(12, 'init', 5),
(13, 'a', 5),
(14, 'b', 5),
(15, 'c', 5);

-- --------------------------------------------------------

--
-- Tabellenstruktur für Tabelle `statetransition`
--

CREATE TABLE IF NOT EXISTS `statetransition` (
  `state_id1` int(11) NOT NULL,
  `state_id2` int(11) NOT NULL
) ENGINE=InnoDB DEFAULT CHARSET=latin1;

-- --------------------------------------------------------

--
-- Tabellenstruktur für Tabelle `successor`
--

CREATE TABLE IF NOT EXISTS `successor` (
  `controlnodeinstance_id1` int(11) NOT NULL,
  `controlnodeinstance_id2` int(11) NOT NULL
) ENGINE=InnoDB DEFAULT CHARSET=latin1;

-- --------------------------------------------------------

--
-- Tabellenstruktur für Tabelle `terminationcondition`
--

CREATE TABLE IF NOT EXISTS `terminationcondition` (
  `conditionset_id` int(11) NOT NULL,
  `dataobject_id` int(11) NOT NULL,
  `state_id` int(11) NOT NULL,
  `scenario_id` int(11) NOT NULL
) ENGINE=InnoDB DEFAULT CHARSET=latin1;

--
-- Daten für Tabelle `terminationcondition`
--

INSERT INTO `terminationcondition` (`conditionset_id`, `dataobject_id`, `state_id`, `scenario_id`) VALUES
(1, 5, 10, 102),
(1, 7, 15, 105);

-- --------------------------------------------------------

--
-- Tabellenstruktur für Tabelle `user`
--

CREATE TABLE IF NOT EXISTS `user` (
`id` int(11) NOT NULL,
  `name` varchar(512) NOT NULL,
  `email` varchar(512) NOT NULL
) ENGINE=InnoDB DEFAULT CHARSET=latin1 AUTO_INCREMENT=1 ;

-- --------------------------------------------------------

--
-- Tabellenstruktur für Tabelle `userismemberofrole`
--

CREATE TABLE IF NOT EXISTS `userismemberofrole` (
  `user_id` int(11) NOT NULL,
  `role_id` int(11) NOT NULL
) ENGINE=InnoDB DEFAULT CHARSET=latin1;

-- --------------------------------------------------------

--
-- Tabellenstruktur für Tabelle `workitemstate`
--

CREATE TABLE IF NOT EXISTS `workitemstate` (
  `state` varchar(512) NOT NULL
) ENGINE=InnoDB DEFAULT CHARSET=latin1;

--
-- Indexes for dumped tables
--

--
-- Indexes for table `activityinstance`
--
ALTER TABLE `activityinstance`
 ADD PRIMARY KEY (`id`);

--
-- Indexes for table `activitystate`
--
ALTER TABLE `activitystate`
 ADD PRIMARY KEY (`state`);

--
-- Indexes for table `configuration`
--
ALTER TABLE `configuration`
 ADD PRIMARY KEY (`id`);

--
-- Indexes for table `controlflow`
--
ALTER TABLE `controlflow`
 ADD PRIMARY KEY (`controlnode_id1`,`controlnode_id2`);

--
-- Indexes for table `controlnode`
--
ALTER TABLE `controlnode`
 ADD PRIMARY KEY (`id`);

--
-- Indexes for table `controlnodeinstance`
--
ALTER TABLE `controlnodeinstance`
 ADD PRIMARY KEY (`id`);

--
-- Indexes for table `dataattribute`
--
ALTER TABLE `dataattribute`
 ADD PRIMARY KEY (`ID`);

--
-- Indexes for table `dataattributeinstance`
--
ALTER TABLE `dataattributeinstance`
 ADD PRIMARY KEY (`id`);

--
-- Indexes for table `dataclass`
--
ALTER TABLE `dataclass`
 ADD PRIMARY KEY (`id`);

--
-- Indexes for table `dataflow`
--
ALTER TABLE `dataflow`
 ADD PRIMARY KEY (`controlnode_id`,`dataset_id`);

--
-- Indexes for table `datanode`
--
ALTER TABLE `datanode`
 ADD PRIMARY KEY (`id`);

--
-- Indexes for table `dataobject`
--
ALTER TABLE `dataobject`
 ADD PRIMARY KEY (`id`);

--
-- Indexes for table `dataobjectinstance`
--
ALTER TABLE `dataobjectinstance`
 ADD PRIMARY KEY (`id`);

--
-- Indexes for table `dataset`
--
ALTER TABLE `dataset`
 ADD PRIMARY KEY (`id`);

--
-- Indexes for table `datasetconsistsofdatanode`
--
ALTER TABLE `datasetconsistsofdatanode`
 ADD PRIMARY KEY (`dataset_id`,`datanode_id`);

--
-- Indexes for table `emailconfiguration`
--
ALTER TABLE `emailconfiguration`
 ADD PRIMARY KEY (`id`);

--
-- Indexes for table `eventinstance`
--
ALTER TABLE `eventinstance`
 ADD PRIMARY KEY (`id`);

--
-- Indexes for table `eventlog`
--
ALTER TABLE `eventlog`
 ADD PRIMARY KEY (`id`);

--
-- Indexes for table `fragment`
--
ALTER TABLE `fragment`
 ADD PRIMARY KEY (`id`);

--
-- Indexes for table `fragmentinstance`
--
ALTER TABLE `fragmentinstance`
 ADD PRIMARY KEY (`id`);

--
-- Indexes for table `gatewayandeventstate`
--
ALTER TABLE `gatewayandeventstate`
 ADD PRIMARY KEY (`state`);

--
-- Indexes for table `gatewayinstance`
--
ALTER TABLE `gatewayinstance`
 ADD PRIMARY KEY (`id`);

--
-- Indexes for table `historyactivityinstance`
--
ALTER TABLE `historyactivityinstance`
 ADD PRIMARY KEY (`ID`);

--
-- Indexes for table `historycontrolflow`
--
ALTER TABLE `historycontrolflow`
 ADD PRIMARY KEY (`id`);

--
-- Indexes for table `reference`
--
ALTER TABLE `reference`
 ADD PRIMARY KEY (`controlnode_id1`,`controlnode_id2`);

--
-- Indexes for table `right`
--
ALTER TABLE `right`
 ADD PRIMARY KEY (`id`);

--
-- Indexes for table `role`
--
ALTER TABLE `role`
 ADD PRIMARY KEY (`id`);

--
-- Indexes for table `rolehasright`
--
ALTER TABLE `rolehasright`
 ADD PRIMARY KEY (`role_id`,`right_id`);

--
-- Indexes for table `scenario`
--
ALTER TABLE `scenario`
 ADD PRIMARY KEY (`id`);

--
-- Indexes for table `scenarioinstance`
--
ALTER TABLE `scenarioinstance`
 ADD PRIMARY KEY (`id`);

--
-- Indexes for table `state`
--
ALTER TABLE `state`
 ADD PRIMARY KEY (`id`);

--
-- Indexes for table `statetransition`
--
ALTER TABLE `statetransition`
 ADD PRIMARY KEY (`state_id1`,`state_id2`);

--
-- Indexes for table `successor`
--
ALTER TABLE `successor`
 ADD PRIMARY KEY (`controlnodeinstance_id1`,`controlnodeinstance_id2`);

--
-- Indexes for table `terminationcondition`
--
ALTER TABLE `terminationcondition`
 ADD PRIMARY KEY (`conditionset_id`,`dataobject_id`,`state_id`), ADD KEY `dataobject_id` (`dataobject_id`), ADD KEY `state_id` (`state_id`);

--
-- Indexes for table `user`
--
ALTER TABLE `user`
 ADD PRIMARY KEY (`id`);

--
-- Indexes for table `userismemberofrole`
--
ALTER TABLE `userismemberofrole`
 ADD PRIMARY KEY (`user_id`,`role_id`);

--
-- Indexes for table `workitemstate`
--
ALTER TABLE `workitemstate`
 ADD PRIMARY KEY (`state`);

--
-- AUTO_INCREMENT for dumped tables
--

--
-- AUTO_INCREMENT for table `activityinstance`
--
ALTER TABLE `activityinstance`
MODIFY `id` int(11) NOT NULL AUTO_INCREMENT,AUTO_INCREMENT=1801;
--
-- AUTO_INCREMENT for table `configuration`
--
ALTER TABLE `configuration`
MODIFY `id` int(11) NOT NULL AUTO_INCREMENT;
--
-- AUTO_INCREMENT for table `controlnode`
--
ALTER TABLE `controlnode`
MODIFY `id` int(11) NOT NULL AUTO_INCREMENT,AUTO_INCREMENT=133;
--
-- AUTO_INCREMENT for table `controlnodeinstance`
--
ALTER TABLE `controlnodeinstance`
MODIFY `id` int(11) NOT NULL AUTO_INCREMENT,AUTO_INCREMENT=1801;
--
-- AUTO_INCREMENT for table `dataattribute`
--
ALTER TABLE `dataattribute`
MODIFY `ID` int(11) NOT NULL AUTO_INCREMENT;
--
-- AUTO_INCREMENT for table `dataattributeinstance`
--
ALTER TABLE `dataattributeinstance`
MODIFY `id` int(11) NOT NULL AUTO_INCREMENT;
--
-- AUTO_INCREMENT for table `dataclass`
--
ALTER TABLE `dataclass`
MODIFY `id` int(11) NOT NULL AUTO_INCREMENT,AUTO_INCREMENT=6;
--
-- AUTO_INCREMENT for table `datanode`
--
ALTER TABLE `datanode`
MODIFY `id` int(11) NOT NULL AUTO_INCREMENT,AUTO_INCREMENT=29;
--
-- AUTO_INCREMENT for table `dataobject`
--
ALTER TABLE `dataobject`
MODIFY `id` int(11) NOT NULL AUTO_INCREMENT,AUTO_INCREMENT=8;
--
-- AUTO_INCREMENT for table `dataobjectinstance`
--
ALTER TABLE `dataobjectinstance`
MODIFY `id` int(11) NOT NULL AUTO_INCREMENT,AUTO_INCREMENT=327;
--
-- AUTO_INCREMENT for table `dataset`
--
ALTER TABLE `dataset`
MODIFY `id` int(11) NOT NULL AUTO_INCREMENT,AUTO_INCREMENT=31;
--
-- AUTO_INCREMENT for table `emailconfiguration`
--
ALTER TABLE `emailconfiguration`
MODIFY `id` int(11) NOT NULL AUTO_INCREMENT,AUTO_INCREMENT=2;
--
-- AUTO_INCREMENT for table `eventinstance`
--
ALTER TABLE `eventinstance`
MODIFY `id` int(11) NOT NULL AUTO_INCREMENT;
--
-- AUTO_INCREMENT for table `eventlog`
--
ALTER TABLE `eventlog`
MODIFY `id` int(11) NOT NULL AUTO_INCREMENT;
--
-- AUTO_INCREMENT for table `fragment`
--
ALTER TABLE `fragment`
MODIFY `id` int(11) NOT NULL AUTO_INCREMENT,AUTO_INCREMENT=110;
--
-- AUTO_INCREMENT for table `fragmentinstance`
--
ALTER TABLE `fragmentinstance`
MODIFY `id` int(11) NOT NULL AUTO_INCREMENT,AUTO_INCREMENT=1274;
--
-- AUTO_INCREMENT for table `historyactivityinstance`
--
ALTER TABLE `historyactivityinstance`
MODIFY `ID` int(11) NOT NULL AUTO_INCREMENT,AUTO_INCREMENT=2;
--
-- AUTO_INCREMENT for table `historycontrolflow`
--
ALTER TABLE `historycontrolflow`
MODIFY `id` int(11) NOT NULL AUTO_INCREMENT;
--
-- AUTO_INCREMENT for table `right`
--
ALTER TABLE `right`
MODIFY `id` int(11) NOT NULL AUTO_INCREMENT;
--
-- AUTO_INCREMENT for table `role`
--
ALTER TABLE `role`
MODIFY `id` int(11) NOT NULL AUTO_INCREMENT;
--
-- AUTO_INCREMENT for table `scenario`
--
ALTER TABLE `scenario`
MODIFY `id` int(11) NOT NULL AUTO_INCREMENT,AUTO_INCREMENT=106;
--
-- AUTO_INCREMENT for table `scenarioinstance`
--
ALTER TABLE `scenarioinstance`
MODIFY `id` int(11) NOT NULL AUTO_INCREMENT,AUTO_INCREMENT=441;
--
-- AUTO_INCREMENT for table `state`
--
ALTER TABLE `state`
MODIFY `id` int(11) NOT NULL AUTO_INCREMENT,AUTO_INCREMENT=16;
--
-- AUTO_INCREMENT for table `user`
--
ALTER TABLE `user`
MODIFY `id` int(11) NOT NULL AUTO_INCREMENT;
--
-- Constraints der exportierten Tabellen
--

--
-- Constraints der Tabelle `terminationcondition`
--
ALTER TABLE `terminationcondition`
ADD CONSTRAINT `terminationcondition_ibfk_1` FOREIGN KEY (`dataobject_id`) REFERENCES `dataobject` (`id`),
ADD CONSTRAINT `terminationcondition_ibfk_2` FOREIGN KEY (`state_id`) REFERENCES `state` (`id`);

/*!40101 SET CHARACTER_SET_CLIENT=@OLD_CHARACTER_SET_CLIENT */;
/*!40101 SET CHARACTER_SET_RESULTS=@OLD_CHARACTER_SET_RESULTS */;
/*!40101 SET COLLATION_CONNECTION=@OLD_COLLATION_CONNECTION */;
