{"_id":"593fe78a531e6b145cd7aa23","domainmodel":{"_id":"593fe78a531e6b145cd7aa24","name":"Testing","revision":18,"__v":10,"dataclasses":[{"name":"Test","is_event":false,"olc":{"intermediateThrowEvent":[{"id":"State_11u8x6w","name":"state1","outgoing":["SequenceFlow_0z53qt5"]},{"id":"State_0z2onmo","name":"state2","incoming":["SequenceFlow_0z53qt5"],"outgoing":["SequenceFlow_0nbfybn"]},{"id":"State_0hu4h4x","name":"state3","incoming":["SequenceFlow_0nbfybn"]}],"sequenceFlow":[{"id":"SequenceFlow_0z53qt5","sourceRef":"State_11u8x6w","targetRef":"State_0z2onmo"},{"id":"SequenceFlow_0nbfybn","sourceRef":"State_0z2onmo","targetRef":"State_0hu4h4x"}],"state":[{"id":"State_11u8x6w","name":"state1","outgoing":["SequenceFlow_0z53qt5"]},{"id":"State_0z2onmo","name":"state2","incoming":["SequenceFlow_0z53qt5"],"outgoing":["SequenceFlow_0nbfybn"]},{"id":"State_0hu4h4x","name":"state3","incoming":["SequenceFlow_0nbfybn"]}]},"_id":"594cc5c69a54c51a48f7eb21","attributes":[{"name":"a","datatype":"Integer","_id":"594cc7b69a54c51a48f7eb28"},{"name":"b","datatype":"Integer","_id":"594ccbb29a54c51a48f7eb2c"},{"name":"c","datatype":"Integer","_id":"594ccbb29a54c51a48f7eb2b"}]}]},"name":"Testing","revision":2,"__v":1,"startconditions":[],"fragments":[{"_id":"593fe78a531e6b145cd7aa25","revision":26,"content":"<?xml version=\"1.0\" encoding=\"UTF-8\"?>\n<bpmn:definitions xmlns:bpmn=\"http://www.omg.org/spec/BPMN/20100524/MODEL\" xmlns:bpmndi=\"http://www.omg.org/spec/BPMN/20100524/DI\" xmlns:di=\"http://www.omg.org/spec/DD/20100524/DI\" xmlns:dc=\"http://www.omg.org/spec/DD/20100524/DC\" xmlns:xsi=\"http://www.w3.org/2001/XMLSchema-instance\" xmlns:griffin=\"http://wat\" id=\"Definitions_1\" targetNamespace=\"http://bpmn.io/schema/bpmn\">\n  <bpmn:process id=\"Process_1\" isExecutable=\"false\">\n    <bpmn:startEvent id=\"StartEvent_1\">\n      <bpmn:outgoing>SequenceFlow_02f76do</bpmn:outgoing>\n    </bpmn:startEvent>\n    <bpmn:scriptTask id=\"ScriptTask_1wx3xx0\" name=\"SimpleScriptTask\" griffin:scripttaskjar=\"SimpleScriptTask.jar\" griffin:scripttaskclasspath=\"de.hpi.bpt.scripttasks.SampleScriptTask\" griffin:scripttaskfile=\"a.java\">\n      <bpmn:incoming>SequenceFlow_1t2gh1s</bpmn:incoming>\n      <bpmn:outgoing>SequenceFlow_0s4ofgo</bpmn:outgoing>\n      <bpmn:dataInputAssociation id=\"DataInputAssociation_020con0\">\n        <bpmn:sourceRef>DataObjectReference_1cohzgp</bpmn:sourceRef>\n      </bpmn:dataInputAssociation>\n      <bpmn:dataOutputAssociation id=\"DataOutputAssociation_1b92o2v\">\n        <bpmn:targetRef>DataObjectReference_1ybgjej</bpmn:targetRef>\n      </bpmn:dataOutputAssociation>\n    </bpmn:scriptTask>\n    <bpmn:endEvent id=\"EndEvent_0axvac5\">\n      <bpmn:incoming>SequenceFlow_0s4ofgo</bpmn:incoming>\n    </bpmn:endEvent>\n    <bpmn:dataObjectReference id=\"DataObjectReference_0h7wiai\" name=\"Test[state1]\" dataObjectRef=\"DataObject_1jtdi46\" griffin:state=\"state1\" griffin:dataclass=\"Test\" />\n    <bpmn:dataObject id=\"DataObject_1jtdi46\" />\n    <bpmn:dataObjectReference id=\"DataObjectReference_1cohzgp\" name=\"Test[state2]\" dataObjectRef=\"DataObject_01v9bm6\" griffin:state=\"state2\" griffin:dataclass=\"Test\" />\n    <bpmn:dataObject id=\"DataObject_01v9bm6\" />\n    <bpmn:task id=\"Task_1u2ty9k\" name=\"Activity1\">\n      <bpmn:incoming>SequenceFlow_02f76do</bpmn:incoming>\n      <bpmn:outgoing>SequenceFlow_1l14z5h</bpmn:outgoing>\n      <bpmn:dataOutputAssociation id=\"DataOutputAssociation_0xr8vec\">\n        <bpmn:targetRef>DataObjectReference_0h7wiai</bpmn:targetRef>\n      </bpmn:dataOutputAssociation>\n    </bpmn:task>\n    <bpmn:sequenceFlow id=\"SequenceFlow_02f76do\" sourceRef=\"StartEvent_1\" targetRef=\"Task_1u2ty9k\" />\n    <bpmn:dataObjectReference id=\"DataObjectReference_1ybgjej\" name=\"Test[state3]\" dataObjectRef=\"DataObject_051fqju\" griffin:state=\"state3\" griffin:dataclass=\"Test\" />\n    <bpmn:dataObject id=\"DataObject_051fqju\" />\n    <bpmn:sequenceFlow id=\"SequenceFlow_0s4ofgo\" sourceRef=\"ScriptTask_1wx3xx0\" targetRef=\"EndEvent_0axvac5\" />\n    <bpmn:task id=\"Task_1knb94g\" name=\"Activity2\">\n      <bpmn:incoming>SequenceFlow_1l14z5h</bpmn:incoming>\n      <bpmn:outgoing>SequenceFlow_1t2gh1s</bpmn:outgoing>\n      <bpmn:dataInputAssociation id=\"DataInputAssociation_12l96di\">\n        <bpmn:sourceRef>DataObjectReference_0h7wiai</bpmn:sourceRef>\n      </bpmn:dataInputAssociation>\n      <bpmn:dataOutputAssociation id=\"DataOutputAssociation_0x9htd4\">\n        <bpmn:targetRef>DataObjectReference_1cohzgp</bpmn:targetRef>\n      </bpmn:dataOutputAssociation>\n    </bpmn:task>\n    <bpmn:sequenceFlow id=\"SequenceFlow_1l14z5h\" sourceRef=\"Task_1u2ty9k\" targetRef=\"Task_1knb94g\" />\n    <bpmn:sequenceFlow id=\"SequenceFlow_1t2gh1s\" sourceRef=\"Task_1knb94g\" targetRef=\"ScriptTask_1wx3xx0\" />\n  </bpmn:process>\n  <bpmndi:BPMNDiagram id=\"BPMNDiagram_1\">\n    <bpmndi:BPMNPlane id=\"BPMNPlane_1\" bpmnElement=\"Process_1\">\n      <bpmndi:BPMNShape id=\"_BPMNShape_StartEvent_2\" bpmnElement=\"StartEvent_1\">\n        <dc:Bounds x=\"183\" y=\"173\" width=\"36\" height=\"36\" />\n        <bpmndi:BPMNLabel>\n          <dc:Bounds x=\"156\" y=\"209\" width=\"90\" height=\"20\" />\n        </bpmndi:BPMNLabel>\n      </bpmndi:BPMNShape>\n      <bpmndi:BPMNShape id=\"ScriptTask_1wx3xx0_di\" bpmnElement=\"ScriptTask_1wx3xx0\">\n        <dc:Bounds x=\"617\" y=\"151\" width=\"100\" height=\"80\" />\n      </bpmndi:BPMNShape>\n      <bpmndi:BPMNShape id=\"EndEvent_0axvac5_di\" bpmnElement=\"EndEvent_0axvac5\">\n        <dc:Bounds x=\"790\" y=\"173\" width=\"36\" height=\"36\" />\n        <bpmndi:BPMNLabel>\n          <dc:Bounds x=\"763\" y=\"209\" width=\"90\" height=\"20\" />\n        </bpmndi:BPMNLabel>\n      </bpmndi:BPMNShape>\n      <bpmndi:BPMNShape id=\"DataObjectReference_0h7wiai_di\" bpmnElement=\"DataObjectReference_0h7wiai\">\n        <dc:Bounds x=\"389\" y=\"58\" width=\"36\" height=\"50\" />\n        <bpmndi:BPMNLabel>\n          <dc:Bounds x=\"362\" y=\"108\" width=\"90\" height=\"20\" />\n        </bpmndi:BPMNLabel>\n      </bpmndi:BPMNShape>\n      <bpmndi:BPMNShape id=\"DataObjectReference_1cohzgp_di\" bpmnElement=\"DataObjectReference_1cohzgp\">\n        <dc:Bounds x=\"549\" y=\"58\" width=\"36\" height=\"50\" />\n        <bpmndi:BPMNLabel>\n          <dc:Bounds x=\"522\" y=\"108\" width=\"90\" height=\"20\" />\n        </bpmndi:BPMNLabel>\n      </bpmndi:BPMNShape>\n      <bpmndi:BPMNShape id=\"Task_1u2ty9k_di\" bpmnElement=\"Task_1u2ty9k\">\n        <dc:Bounds x=\"277\" y=\"151\" width=\"100\" height=\"80\" />\n      </bpmndi:BPMNShape>\n      <bpmndi:BPMNEdge id=\"SequenceFlow_02f76do_di\" bpmnElement=\"SequenceFlow_02f76do\">\n        <di:waypoint xsi:type=\"dc:Point\" x=\"219\" y=\"191\" />\n        <di:waypoint xsi:type=\"dc:Point\" x=\"277\" y=\"191\" />\n        <bpmndi:BPMNLabel>\n          <dc:Bounds x=\"203\" y=\"181\" width=\"90\" height=\"20\" />\n        </bpmndi:BPMNLabel>\n      </bpmndi:BPMNEdge>\n      <bpmndi:BPMNEdge id=\"DataOutputAssociation_0xr8vec_di\" bpmnElement=\"DataOutputAssociation_0xr8vec\">\n        <di:waypoint xsi:type=\"dc:Point\" x=\"357\" y=\"151\" />\n        <di:waypoint xsi:type=\"dc:Point\" x=\"389\" y=\"107\" />\n      </bpmndi:BPMNEdge>\n      <bpmndi:BPMNShape id=\"DataObjectReference_1ybgjej_di\" bpmnElement=\"DataObjectReference_1ybgjej\">\n        <dc:Bounds x=\"755\" y=\"58\" width=\"36\" height=\"50\" />\n        <bpmndi:BPMNLabel>\n          <dc:Bounds x=\"728\" y=\"108\" width=\"90\" height=\"20\" />\n        </bpmndi:BPMNLabel>\n      </bpmndi:BPMNShape>\n      <bpmndi:BPMNEdge id=\"DataOutputAssociation_1b92o2v_di\" bpmnElement=\"DataOutputAssociation_1b92o2v\">\n        <di:waypoint xsi:type=\"dc:Point\" x=\"706\" y=\"151\" />\n        <di:waypoint xsi:type=\"dc:Point\" x=\"755\" y=\"101\" />\n      </bpmndi:BPMNEdge>\n      <bpmndi:BPMNEdge id=\"SequenceFlow_0s4ofgo_di\" bpmnElement=\"SequenceFlow_0s4ofgo\">\n        <di:waypoint xsi:type=\"dc:Point\" x=\"717\" y=\"191\" />\n        <di:waypoint xsi:type=\"dc:Point\" x=\"790\" y=\"191\" />\n        <bpmndi:BPMNLabel>\n          <dc:Bounds x=\"708.5\" y=\"181\" width=\"90\" height=\"20\" />\n        </bpmndi:BPMNLabel>\n      </bpmndi:BPMNEdge>\n      <bpmndi:BPMNShape id=\"Task_1knb94g_di\" bpmnElement=\"Task_1knb94g\">\n        <dc:Bounds x=\"454\" y=\"151\" width=\"100\" height=\"80\" />\n      </bpmndi:BPMNShape>\n      <bpmndi:BPMNEdge id=\"DataInputAssociation_12l96di_di\" bpmnElement=\"DataInputAssociation_12l96di\">\n        <di:waypoint xsi:type=\"dc:Point\" x=\"425\" y=\"103\" />\n        <di:waypoint xsi:type=\"dc:Point\" x=\"468\" y=\"151\" />\n      </bpmndi:BPMNEdge>\n      <bpmndi:BPMNEdge id=\"DataOutputAssociation_0x9htd4_di\" bpmnElement=\"DataOutputAssociation_0x9htd4\">\n        <di:waypoint xsi:type=\"dc:Point\" x=\"527\" y=\"151\" />\n        <di:waypoint xsi:type=\"dc:Point\" x=\"552\" y=\"108\" />\n      </bpmndi:BPMNEdge>\n      <bpmndi:BPMNEdge id=\"DataInputAssociation_020con0_di\" bpmnElement=\"DataInputAssociation_020con0\">\n        <di:waypoint xsi:type=\"dc:Point\" x=\"585\" y=\"102\" />\n        <di:waypoint xsi:type=\"dc:Point\" x=\"630\" y=\"151\" />\n      </bpmndi:BPMNEdge>\n      <bpmndi:BPMNEdge id=\"SequenceFlow_1l14z5h_di\" bpmnElement=\"SequenceFlow_1l14z5h\">\n        <di:waypoint xsi:type=\"dc:Point\" x=\"377\" y=\"191\" />\n        <di:waypoint xsi:type=\"dc:Point\" x=\"454\" y=\"191\" />\n        <bpmndi:BPMNLabel>\n          <dc:Bounds x=\"370.5\" y=\"181\" width=\"90\" height=\"20\" />\n        </bpmndi:BPMNLabel>\n      </bpmndi:BPMNEdge>\n      <bpmndi:BPMNEdge id=\"SequenceFlow_1t2gh1s_di\" bpmnElement=\"SequenceFlow_1t2gh1s\">\n        <di:waypoint xsi:type=\"dc:Point\" x=\"554\" y=\"191\" />\n        <di:waypoint xsi:type=\"dc:Point\" x=\"617\" y=\"191\" />\n        <bpmndi:BPMNLabel>\n          <dc:Bounds x=\"540.5\" y=\"181\" width=\"90\" height=\"20\" />\n        </bpmndi:BPMNLabel>\n      </bpmndi:BPMNEdge>\n    </bpmndi:BPMNPlane>\n  </bpmndi:BPMNDiagram>\n</bpmn:definitions>\n","name":"ScriptTaskTest","__v":0}],"terminationconditions":[]}